customer_id,product_id,purchase_count,avg_interval_days,std_interval_days,last_purchase_date,days_since_last_purchase,product_reorder_ratio,opportunity_status,opportunity_status_v2,regularity_score,history_score,timing_score,confidence_score_v2,avg_quantity,median_quantity,avg_unit_price,median_line_value,expected_revenue,opportunity_score_v2,customer_name,product_name,recommendation
135,126,8,134.3,63.5,2025-08-14,139,1.0349962769918093,due_soon,due_soon,0.5271779597915116,1.0,0.9650037230081907,77.8,14.1,16.0,470.79,7209.58,7532.64,586039.392,Klient_135,Produkt_126,Przygotuj ofertę ponownego zakupu
171,128,6,168.8,53.4,2025-05-12,233,1.3803317535545023,overdue,overdue,0.683649289099526,0.75,0.6196682464454977,68.8,14.3,16.0,476.23,7760.72,7619.68,524233.984,Klient_171,Produkt_128,Skontaktuj się z klientem pilnie
18,129,9,115.1,56.2,2025-09-14,108,0.9383145091225022,due_soon,due_soon,0.5117289313640312,1.0,0.9383145091225022,76.5,13.0,13.0,509.37,6970.73,6621.81,506568.465,Klient_018,Produkt_129,Przygotuj ofertę ponownego zakupu
113,7,9,93.4,36.2,2025-09-04,118,1.2633832976445396,overdue,overdue,0.6124197002141327,1.0,0.7366167023554604,76.0,13.7,16.0,374.14,5720.64,5986.24,454954.24,Klient_113,Produkt_007,Skontaktuj się z klientem pilnie
258,48,7,156.8,79.7,2025-08-15,138,0.8801020408163265,due_soon,due_soon,0.4917091836734694,0.875,0.8801020408163265,70.4,13.1,15.0,394.82,5659.2,5922.3,416929.92000000004,Klient_258,Produkt_048,Przygotuj ofertę ponownego zakupu
113,52,8,136.7,89.7,2025-09-04,118,0.8632040965618143,due_soon,due_soon,0.3438185808339429,1.0,0.8632040965618143,67.1,9.5,12.5,487.15,5750.66,6089.38,408597.398,Klient_113,Produkt_052,Przygotuj ofertę ponownego zakupu
224,40,10,104.8,70.9,2025-08-19,134,1.2786259541984732,overdue,overdue,0.323473282442748,1.0,0.7213740458015268,62.6,12.6,14.0,461.42,6562.42,6459.88,404388.488,Klient_224,Produkt_040,Skontaktuj się z klientem pilnie
197,42,4,215.7,34.3,2025-03-29,277,1.2841910060268893,overdue,overdue,0.8409828465461289,0.5,0.7158089939731107,70.7,13.2,14.0,393.97,5196.66,5515.58,389951.506,Klient_197,Produkt_042,Skontaktuj się z klientem pilnie
1,149,14,72.5,44.0,2025-10-11,81,1.1172413793103448,due_soon,due_soon,0.3931034482758621,1.0,0.8827586206896552,69.8,11.6,12.5,443.5,5268.92,5543.75,386953.75,Klient_001,Produkt_149,Przygotuj ofertę ponownego zakupu
283,15,9,118.2,93.9,2025-09-05,117,0.9898477157360406,due_soon,due_soon,0.20558375634517767,1.0,0.9898477157360406,64.0,12.7,13.0,462.92,6148.22,6017.96,385149.44,Klient_283,Produkt_015,Przygotuj ofertę ponownego zakupu
129,117,15,68.8,53.7,2025-10-22,70,1.0174418604651163,due_soon,due_soon,0.21947674418604646,1.0,0.9825581395348837,64.4,12.1,13.0,450.23,5779.02,5852.99,376932.55600000004,Klient_129,Produkt_117,Przygotuj ofertę ponownego zakupu
220,34,7,136.0,35.9,2025-06-24,190,1.3970588235294117,overdue,overdue,0.7360294117647059,0.875,0.6029411764705883,74.4,12.4,16.0,313.43,5268.0,5014.88,373107.07200000004,Klient_220,Produkt_034,Skontaktuj się z klientem pilnie
56,71,13,78.8,37.3,2025-09-21,101,1.2817258883248732,overdue,overdue,0.5266497461928934,1.0,0.7182741116751268,71.7,11.3,13.0,397.69,5429.19,5169.97,370686.84900000005,Klient_056,Produkt_071,Skontaktuj się z klientem pilnie
243,142,8,103.1,68.1,2025-08-08,145,1.4064015518913677,overdue,overdue,0.33947623666343363,1.0,0.5935984481086323,60.1,12.5,13.0,472.36,6323.73,6140.68,369054.868,Klient_243,Produkt_142,Skontaktuj się z klientem pilnie
165,133,9,110.5,76.6,2025-06-25,189,1.7104072398190044,overdue,overdue,0.3067873303167421,1.0,0.28959276018099556,51.0,12.0,16.0,452.04,6679.2,7232.64,368864.64,Klient_165,Produkt_133,Skontaktuj się z klientem pilnie
149,128,11,94.3,65.5,2025-10-07,85,0.9013785790031814,due_soon,due_soon,0.30540827147401906,1.0,0.9013785790031814,66.3,11.3,12.0,461.16,5267.4,5533.92,366898.896,Klient_149,Produkt_128,Przygotuj ofertę ponownego zakupu
279,49,12,89.6,45.3,2025-10-12,80,0.8928571428571429,due_soon,due_soon,0.4944196428571429,1.0,0.8928571428571429,74.6,10.5,10.5,467.0,5189.95,4903.5,365801.1,Klient_279,Produkt_049,Przygotuj ofertę ponownego zakupu
24,140,14,64.2,39.4,2025-10-19,73,1.1370716510903427,due_soon,due_soon,0.3862928348909658,1.0,0.8629283489096573,69.0,11.5,11.5,453.73,5161.93,5217.9,360035.1,Klient_024,Produkt_140,Przygotuj ofertę ponownego zakupu
228,68,17,62.2,45.1,2025-10-03,89,1.4308681672025723,overdue,overdue,0.27491961414791,1.0,0.5691318327974277,56.6,11.6,13.0,485.9,5885.1,6316.7,357525.22,Klient_228,Produkt_068,Skontaktuj się z klientem pilnie
192,106,6,150.4,92.7,2025-07-06,178,1.1835106382978724,due_soon,due_soon,0.3836436170212766,0.75,0.8164893617021276,60.2,11.5,13.5,426.87,5685.45,5762.74,346916.948,Klient_192,Produkt_106,Przygotuj ofertę ponownego zakupu
37,42,6,100.8,61.9,2025-09-21,101,1.001984126984127,due_soon,due_soon,0.3859126984126984,0.75,0.998015873015873,64.8,12.3,13.5,395.97,5109.76,5345.6,346394.88,Klient_037,Produkt_042,Przygotuj ofertę ponownego zakupu
74,91,6,169.4,92.3,2025-05-15,230,1.357733175914994,overdue,overdue,0.4551357733175916,0.75,0.642266824085006,59.0,12.0,12.5,467.25,5679.84,5840.62,344596.58,Klient_074,Produkt_091,Skontaktuj się z klientem pilnie
237,29,14,71.5,56.2,2025-10-16,76,1.062937062937063,due_soon,due_soon,0.2139860139860139,1.0,0.9370629370629371,63.1,11.4,12.0,454.21,5687.16,5450.52,343927.81200000003,Klient_237,Produkt_029,Przygotuj ofertę ponownego zakupu
97,43,8,121.1,49.5,2025-09-18,104,0.8587943848059455,due_soon,due_soon,0.5912469033856317,1.0,0.8587943848059455,78.1,12.8,12.5,350.42,4506.45,4380.25,342097.52499999997,Klient_097,Produkt_043,Przygotuj ofertę ponownego zakupu
32,149,13,83.7,65.2,2025-10-13,79,0.9438470728793309,due_soon,due_soon,0.22102747909199516,1.0,0.9438470728793309,63.5,11.5,12.0,448.06,5246.45,5376.72,341421.72000000003,Klient_032,Produkt_149,Przygotuj ofertę ponownego zakupu
72,15,24,38.5,20.2,2025-11-13,48,1.2467532467532467,overdue,overdue,0.47532467532467537,1.0,0.7532467532467533,70.2,10.1,10.5,462.11,4938.91,4852.16,340621.632,Klient_072,Produkt_015,Skontaktuj się z klientem pilnie
23,140,19,55.0,33.4,2025-10-31,61,1.1090909090909091,due_soon,due_soon,0.3927272727272727,1.0,0.8909090909090909,69.9,10.7,11.0,441.71,4771.03,4858.81,339630.8190000001,Klient_023,Produkt_140,Przygotuj ofertę ponownego zakupu
240,41,15,65.3,43.0,2025-10-04,88,1.3476263399693722,overdue,overdue,0.341500765696784,1.0,0.6523736600306278,61.7,11.6,12.0,458.45,5754.72,5501.4,339436.38,Klient_240,Produkt_041,Skontaktuj się z klientem pilnie
12,25,20,52.8,34.0,2025-11-12,49,0.9280303030303031,due_soon,due_soon,0.3560606060606061,1.0,0.9280303030303031,69.2,10.3,11.0,445.63,4910.11,4901.93,339213.55600000004,Klient_012,Produkt_025,Przygotuj ofertę ponownego zakupu
247,11,14,70.3,35.6,2025-09-22,100,1.4224751066856332,overdue,overdue,0.49359886201991465,1.0,0.5775248933143668,66.7,11.4,12.0,423.17,4765.14,5078.04,338705.26800000004,Klient_247,Produkt_011,Skontaktuj się z klientem pilnie
292,97,8,123.3,71.0,2025-08-10,143,1.159772911597729,due_soon,due_soon,0.4241686942416869,1.0,0.8402270884022709,70.1,11.4,12.0,401.54,4813.95,4818.48,337775.4479999999,Klient_292,Produkt_097,Przygotuj ofertę ponownego zakupu
66,36,4,249.0,107.5,2025-05-08,237,0.9518072289156626,due_soon,due_soon,0.5682730923694779,0.5,0.9518072289156626,64.4,13.8,14.5,359.5,5219.88,5212.75,335701.10000000003,Klient_066,Produkt_036,Przygotuj ofertę ponownego zakupu
299,68,4,121.0,54.7,2025-09-11,111,0.9173553719008265,due_soon,due_soon,0.5479338842975207,0.5,0.9173553719008265,62.6,10.8,11.0,486.78,5183.49,5354.58,335196.708,Klient_299,Produkt_068,Przygotuj ofertę ponownego zakupu
141,32,3,269.5,79.9,2024-10-05,452,1.6771799628942485,overdue,overdue,0.7035250463821892,0.375,0.32282003710575147,51.0,13.3,18.0,362.06,6622.92,6517.08,332371.08,Klient_141,Produkt_032,Skontaktuj się z klientem pilnie
11,27,21,50.2,30.8,2025-10-24,68,1.3545816733067728,overdue,overdue,0.38645418326693226,1.0,0.6454183266932272,63.5,10.6,12.0,433.32,5279.28,5199.84,330189.84,Klient_011,Produkt_027,Skontaktuj się z klientem pilnie
120,106,8,121.9,83.8,2025-09-18,104,0.8531583264971287,due_soon,due_soon,0.3125512715340444,1.0,0.8531583264971287,65.4,11.2,12.0,420.32,4837.02,5043.84,329867.13600000006,Klient_120,Produkt_106,Przygotuj ofertę ponownego zakupu
297,84,5,186.5,72.0,2025-06-16,198,1.061662198391421,due_soon,due_soon,0.613941018766756,0.625,0.938337801608579,69.8,12.8,16.0,292.75,4439.2,4684.0,326943.2,Klient_297,Produkt_084,Przygotuj ofertę ponownego zakupu
286,117,12,89.5,67.2,2025-10-07,85,0.9497206703910615,due_soon,due_soon,0.24916201117318437,1.0,0.9497206703910615,65.0,11.1,11.0,453.33,5130.58,4986.63,324130.95,Klient_286,Produkt_117,Przygotuj ofertę ponownego zakupu
86,25,10,91.4,60.0,2025-08-30,123,1.3457330415754922,overdue,overdue,0.34354485776805255,1.0,0.6542669584245078,61.8,10.4,11.5,454.62,4888.59,5228.13,323098.434,Klient_086,Produkt_025,Skontaktuj się z klientem pilnie
243,7,6,158.8,78.6,2025-06-03,211,1.3287153652392947,overdue,overdue,0.5050377833753149,0.75,0.6712846347607053,62.0,12.8,13.5,383.81,5392.28,5181.44,321249.27999999997,Klient_243,Produkt_007,Skontaktuj się z klientem pilnie
89,7,7,144.8,101.0,2025-07-26,158,1.091160220994475,due_soon,due_soon,0.3024861878453039,0.875,0.9088397790055249,62.6,12.4,14.0,366.06,5122.04,5124.84,320814.984,Klient_089,Produkt_007,Przygotuj ofertę ponownego zakupu
171,142,4,246.7,303.8,2025-05-12,233,0.9444669639237941,due_soon,due_soon,0.0,0.5,0.9444669639237941,38.6,16.5,16.5,502.91,8095.77,8298.02,320303.57200000004,Klient_171,Produkt_142,Przygotuj ofertę ponownego zakupu
40,46,27,40.6,19.9,2025-11-22,39,0.960591133004926,due_soon,due_soon,0.5098522167487685,1.0,0.960591133004926,77.0,10.0,9.0,456.59,4195.71,4109.31,316416.87000000005,Klient_040,Produkt_046,Przygotuj ofertę ponownego zakupu
133,116,10,95.4,54.5,2025-10-01,91,0.9538784067085954,due_soon,due_soon,0.42872117400419285,1.0,0.9538784067085954,73.1,13.1,13.5,319.88,4315.42,4318.38,315673.578,Klient_133,Produkt_116,Przygotuj ofertę ponownego zakupu
114,49,4,88.0,8.9,2025-08-08,145,1.6477272727272727,overdue,overdue,0.8988636363636364,0.5,0.3522727272727273,64.3,11.5,11.0,446.21,4958.25,4908.31,315604.333,Klient_114,Produkt_049,Skontaktuj się z klientem pilnie
245,148,13,79.6,45.6,2025-10-08,84,1.0552763819095479,due_soon,due_soon,0.42713567839195976,1.0,0.9447236180904521,72.8,10.1,13.0,330.75,4193.02,4299.75,313021.8,Klient_245,Produkt_148,Przygotuj ofertę ponownego zakupu
249,39,5,160.5,88.0,2025-04-20,255,1.588785046728972,overdue,overdue,0.45171339563862933,0.625,0.4112149532710281,49.4,12.4,13.0,486.52,6538.7,6324.76,312443.14400000003,Klient_249,Produkt_039,Skontaktuj się z klientem pilnie
260,32,10,108.3,53.4,2025-09-18,104,0.9602954755309326,due_soon,due_soon,0.5069252077562327,1.0,0.9602954755309326,76.8,11.4,11.5,353.19,4116.32,4061.68,311937.024,Klient_260,Produkt_032,Przygotuj ofertę ponownego zakupu
56,67,13,82.8,59.0,2025-09-21,101,1.2198067632850242,overdue,overdue,0.28743961352657,1.0,0.7801932367149758,62.4,12.3,15.0,330.7,5103.68,4960.5,309535.2,Klient_056,Produkt_067,Skontaktuj się z klientem pilnie
60,29,21,50.8,36.1,2025-10-27,65,1.2795275590551183,overdue,overdue,0.2893700787401574,1.0,0.7204724409448817,61.0,10.2,11.0,460.7,4963.42,5067.7,309129.7,Klient_060,Produkt_029,Skontaktuj się z klientem pilnie
237,11,12,87.7,39.0,2025-10-16,76,0.8665906499429874,due_soon,due_soon,0.5553021664766249,1.0,0.8665906499429874,76.7,9.2,9.5,422.72,3940.79,4015.84,308014.928,Klient_237,Produkt_011,Przygotuj ofertę ponownego zakupu
177,20,7,136.3,81.3,2025-09-01,121,0.8877476155539251,due_soon,due_soon,0.4035216434336024,0.875,0.8877476155539251,66.6,9.7,10.0,462.37,4641.6,4623.7,307938.42,Klient_177,Produkt_020,Przygotuj ofertę ponownego zakupu
113,117,6,153.8,76.9,2025-07-25,159,1.0338101430429127,due_soon,due_soon,0.5,0.75,0.9661898569570873,69.2,9.2,10.0,440.58,4502.66,4405.8,304881.36000000004,Klient_113,Produkt_117,Przygotuj ofertę ponownego zakupu
254,36,16,64.2,53.6,2025-10-25,67,1.043613707165109,due_soon,due_soon,0.1651090342679128,1.0,0.956386292834891,61.3,11.6,14.0,351.1,4916.73,4915.4,301314.01999999996,Klient_254,Produkt_036,Przygotuj ofertę ponownego zakupu
228,29,18,54.5,30.2,2025-10-03,89,1.6330275229357798,overdue,overdue,0.4458715596330275,1.0,0.3669724770642202,59.2,10.1,11.0,461.69,5221.54,5078.59,300652.52800000005,Klient_228,Produkt_029,Skontaktuj się z klientem pilnie
41,110,14,77.1,56.6,2025-10-03,89,1.1543450064850844,due_soon,due_soon,0.2658884565499351,1.0,0.8456549935149156,63.1,11.6,13.5,351.91,4819.15,4750.79,299774.849,Klient_041,Produkt_110,Przygotuj ofertę ponownego zakupu
22,115,11,95.9,78.2,2025-10-01,91,0.948905109489051,due_soon,due_soon,0.1845672575599583,1.0,0.948905109489051,62.0,10.1,13.0,370.62,4511.65,4818.06,298719.72000000003,Klient_022,Produkt_115,Przygotuj ofertę ponownego zakupu
111,140,16,64.1,30.2,2025-10-06,86,1.341653666146646,overdue,overdue,0.5288611544461779,1.0,0.658346333853354,70.3,10.0,9.5,445.89,4446.41,4235.96,297787.988,Klient_111,Produkt_140,Skontaktuj się z klientem pilnie
125,20,22,48.6,31.2,2025-10-31,61,1.2551440329218106,overdue,overdue,0.3580246913580247,1.0,0.7448559670781894,64.7,9.2,9.5,481.52,4638.03,4574.44,295966.268,Klient_125,Produkt_020,Skontaktuj się z klientem pilnie
240,71,15,71.9,53.4,2025-10-04,88,1.2239221140472878,overdue,overdue,0.2573018080667595,1.0,0.7760778859527122,61.0,10.2,12.0,404.05,4910.64,4848.6,295764.60000000003,Klient_240,Produkt_071,Skontaktuj się z klientem pilnie
287,145,7,122.0,56.5,2025-09-14,108,0.8852459016393442,due_soon,due_soon,0.5368852459016393,0.875,0.8852459016393442,72.5,12.1,14.0,287.31,3976.56,4022.34,291619.65,Klient_287,Produkt_145,Przygotuj ofertę ponownego zakupu
163,132,8,121.1,56.2,2025-09-10,112,0.9248554913294799,due_soon,due_soon,0.5359207266721717,1.0,0.9248554913294799,77.2,13.1,13.0,289.83,3671.19,3767.79,290873.38800000004,Klient_163,Produkt_132,Przygotuj ofertę ponownego zakupu
89,18,8,133.3,44.0,2025-07-26,158,1.1852963240810201,due_soon,due_soon,0.6699174793698425,1.0,0.8147036759189799,80.5,11.1,10.5,343.25,3670.36,3604.12,290131.66,Klient_089,Produkt_018,Przygotuj ofertę ponownego zakupu
240,56,11,100.7,73.6,2025-10-04,88,0.8738828202581926,due_soon,due_soon,0.2691161866931481,1.0,0.8738828202581926,64.0,11.1,14.0,322.16,4378.92,4510.24,288655.36,Klient_240,Produkt_056,Przygotuj ofertę ponownego zakupu
16,7,13,73.5,50.2,2025-09-19,103,1.401360544217687,overdue,overdue,0.3170068027210884,1.0,0.5986394557823129,59.2,11.2,13.0,374.76,4864.21,4871.88,288415.29600000003,Klient_016,Produkt_007,Skontaktuj się z klientem pilnie
144,52,10,90.2,82.8,2025-09-17,105,1.164079822616408,due_soon,due_soon,0.0820399113082041,1.0,0.835920177383592,54.6,10.0,11.0,478.8,5070.4,5266.8,287567.28,Klient_144,Produkt_052,Przygotuj ofertę ponownego zakupu
197,41,6,176.2,75.0,2025-06-28,186,1.0556186152099887,due_soon,due_soon,0.5743473325766175,0.75,0.9443813847900113,72.0,9.5,9.0,441.89,4129.5,3977.01,286344.72000000003,Klient_197,Produkt_041,Przygotuj ofertę ponownego zakupu
294,11,10,96.0,77.5,2025-06-29,185,1.9270833333333333,overdue,overdue,0.19270833333333337,1.0,0.07291666666666674,40.5,13.7,16.0,437.33,6894.04,6997.28,283389.83999999997,Klient_294,Produkt_011,Skontaktuj się z klientem pilnie
244,24,9,108.1,86.0,2025-09-05,117,1.0823311748381128,due_soon,due_soon,0.20444033302497688,1.0,0.9176688251618872,62.1,10.4,11.0,414.09,4583.64,4554.99,282864.879,Klient_244,Produkt_024,Przygotuj ofertę ponownego zakupu
157,87,8,130.4,92.4,2025-07-30,154,1.1809815950920244,due_soon,due_soon,0.29141104294478526,1.0,0.8190184049079756,63.6,9.5,10.5,420.84,4425.32,4418.82,281036.952,Klient_157,Produkt_087,Przygotuj ofertę ponownego zakupu
277,39,5,211.8,166.8,2025-05-25,220,1.0387157695939566,due_soon,due_soon,0.21246458923512745,0.625,0.9612842304060434,52.3,9.8,11.0,488.39,5567.76,5372.29,280970.767,Klient_277,Produkt_039,Przygotuj ofertę ponownego zakupu
35,5,8,107.7,65.7,2025-07-03,181,1.6805942432683378,overdue,overdue,0.38997214484679665,1.0,0.31940575673166216,55.5,14.6,17.0,296.73,4941.9,5044.41,279964.755,Klient_035,Produkt_005,Skontaktuj się z klientem pilnie
108,142,11,91.5,35.2,2025-07-24,160,1.7486338797814207,overdue,overdue,0.6153005464480874,1.0,0.2513661202185793,64.0,9.1,9.0,485.84,4457.52,4372.56,279843.84,Klient_108,Produkt_142,Skontaktuj się z klientem pilnie
60,24,24,45.1,29.7,2025-11-19,42,0.9312638580931264,due_soon,due_soon,0.3414634146341464,1.0,0.9312638580931264,68.6,10.3,10.0,407.2,4157.6,4072.0,279339.19999999995,Klient_060,Produkt_024,Przygotuj ofertę ponownego zakupu
245,142,10,98.7,51.6,2025-10-08,84,0.851063829787234,due_soon,due_soon,0.4772036474164134,1.0,0.851063829787234,72.8,8.9,8.0,476.2,3859.96,3809.6,277338.88,Klient_245,Produkt_142,Przygotuj ofertę ponownego zakupu
64,106,15,67.8,72.0,2025-10-25,67,0.9882005899705015,due_soon,due_soon,0.0,1.0,0.9882005899705015,54.7,10.9,12.0,421.32,5040.72,5055.84,276554.44800000003,Klient_064,Produkt_106,Przygotuj ofertę ponownego zakupu
268,52,15,71.8,36.6,2025-10-02,90,1.2534818941504178,overdue,overdue,0.49025069637883,1.0,0.7465181058495822,70.7,8.7,8.0,488.73,3639.84,3909.84,276425.688,Klient_268,Produkt_052,Skontaktuj się z klientem pilnie
104,127,4,240.0,119.2,2025-03-01,305,1.2708333333333333,overdue,overdue,0.5033333333333333,0.5,0.7291666666666667,55.9,11.0,12.0,411.04,4988.48,4932.48,275725.632,Klient_104,Produkt_127,Skontaktuj się z klientem pilnie
196,117,22,47.9,33.8,2025-11-14,47,0.9812108559498957,due_soon,due_soon,0.2943632567849688,1.0,0.9812108559498957,67.8,10.3,9.0,450.91,4250.07,4058.19,275145.282,Klient_196,Produkt_117,Przygotuj ofertę ponownego zakupu
188,6,7,119.3,65.5,2025-09-01,121,1.0142497904442582,due_soon,due_soon,0.4509639564124057,0.875,0.9857502095557418,71.2,10.9,10.0,384.15,3727.8,3841.5,273514.8,Klient_188,Produkt_006,Przygotuj ofertę ponownego zakupu
245,29,15,61.0,30.8,2025-11-05,56,0.9180327868852459,due_soon,due_soon,0.4950819672131147,1.0,0.9180327868852459,75.2,9.4,8.0,454.39,3710.0,3635.12,273361.024,Klient_245,Produkt_029,Przygotuj ofertę ponownego zakupu
289,31,15,73.5,46.1,2025-10-26,66,0.8979591836734694,due_soon,due_soon,0.3727891156462585,1.0,0.8979591836734694,69.2,10.1,9.0,438.3,4097.34,3944.7,272973.24,Klient_289,Produkt_031,Przygotuj ofertę ponownego zakupu
262,49,12,82.0,84.9,2025-09-15,107,1.3048780487804879,overdue,overdue,0.0,1.0,0.6951219512195121,47.4,10.2,12.0,479.79,5871.3,5757.48,272904.55199999997,Klient_262,Produkt_049,Skontaktuj się z klientem pilnie
195,31,16,65.7,43.1,2025-09-25,97,1.4764079147640792,overdue,overdue,0.3439878234398782,1.0,0.5235920852359208,58.6,10.5,10.5,440.89,4455.93,4629.34,271279.324,Klient_195,Produkt_031,Skontaktuj się z klientem pilnie
17,22,12,86.2,40.5,2025-08-12,141,1.6357308584686774,overdue,overdue,0.5301624129930395,1.0,0.3642691415313226,63.0,11.6,12.5,343.8,4086.14,4297.5,270742.5,Klient_017,Produkt_022,Skontaktuj się z klientem pilnie
220,43,5,186.5,142.0,2025-04-15,260,1.3941018766756033,overdue,overdue,0.23860589812332444,0.625,0.6058981233243967,44.6,15.6,17.0,354.1,5787.82,6019.7,268478.62,Klient_220,Produkt_043,Skontaktuj się z klientem pilnie
276,126,4,243.0,99.1,2025-03-05,301,1.2386831275720165,overdue,overdue,0.5921810699588478,0.5,0.7613168724279835,60.7,9.5,9.5,465.38,4448.54,4421.11,268361.377,Klient_276,Produkt_126,Skontaktuj się z klientem pilnie
52,49,5,176.5,138.8,2025-04-03,272,1.5410764872521245,overdue,overdue,0.21359773371104807,0.625,0.45892351274787546,39.8,11.8,14.0,481.03,6859.16,6734.42,268029.91599999997,Klient_052,Produkt_049,Skontaktuj się z klientem pilnie
29,29,5,185.8,154.3,2025-03-13,293,1.5769644779332614,overdue,overdue,0.16953713670613557,0.625,0.42303552206673856,37.0,15.2,15.0,478.96,6762.6,7184.4,265822.8,Klient_029,Produkt_029,Skontaktuj się z klientem pilnie
129,18,14,74.1,44.4,2025-10-22,70,0.9446693657219973,due_soon,due_soon,0.4008097165991903,1.0,0.9446693657219973,71.7,9.5,10.5,351.42,3758.02,3689.91,264566.547,Klient_129,Produkt_018,Przygotuj ofertę ponownego zakupu
83,6,10,110.4,114.0,2025-09-21,101,0.9148550724637681,due_soon,due_soon,0.0,1.0,0.9148550724637681,52.9,12.1,13.0,384.67,4960.88,5000.71,264537.559,Klient_083,Produkt_006,Przygotuj ofertę ponownego zakupu
158,119,5,210.2,86.8,2025-05-14,231,1.09895337773549,due_soon,due_soon,0.5870599429115129,0.625,0.9010466222645099,67.7,13.2,14.0,278.82,4040.4,3903.48,264265.596,Klient_158,Produkt_119,Przygotuj ofertę ponownego zakupu
181,6,13,73.4,56.0,2025-09-12,110,1.4986376021798364,overdue,overdue,0.23705722070844693,1.0,0.5013623978201636,53.2,10.9,13.0,379.75,4865.38,4936.75,262635.10000000003,Klient_181,Produkt_006,Skontaktuj się z klientem pilnie
23,110,19,54.6,30.1,2025-09-25,97,1.7765567765567765,overdue,overdue,0.4487179487179487,1.0,0.22344322344322354,55.8,13.3,13.0,360.31,4876.04,4684.03,261368.87399999998,Klient_023,Produkt_110,Skontaktuj się z klientem pilnie
250,68,6,159.4,83.3,2025-03-22,284,1.78168130489335,overdue,overdue,0.4774153074027604,0.75,0.21831869510665003,49.4,10.8,11.0,480.92,5221.94,5290.12,261331.92799999999,Klient_250,Produkt_068,Skontaktuj się z klientem pilnie
26,95,7,151.2,96.1,2025-07-20,164,1.0846560846560847,due_soon,due_soon,0.3644179894179894,0.875,0.9153439153439153,65.5,13.0,15.0,265.53,4083.3,3982.95,260883.22499999998,Klient_026,Produkt_095,Przygotuj ofertę ponownego zakupu
182,39,17,60.6,57.7,2025-09-22,100,1.6501650165016502,overdue,overdue,0.04785478547854782,1.0,0.34983498349834985,40.9,11.9,13.0,489.23,6482.84,6359.99,260123.591,Klient_182,Produkt_039,Skontaktuj się z klientem pilnie
129,116,10,104.1,51.1,2025-07-31,153,1.4697406340057637,overdue,overdue,0.5091258405379442,1.0,0.5302593659942363,66.2,11.7,12.0,327.41,3940.27,3928.92,260094.50400000002,Klient_129,Produkt_116,Skontaktuj się z klientem pilnie
57,27,16,57.7,37.9,2025-09-26,96,1.6637781629116117,overdue,overdue,0.34315424610052003,1.0,0.33622183708838826,53.8,11.5,11.0,438.65,4905.22,4825.15,259593.06999999998,Klient_057,Produkt_027,Skontaktuj się z klientem pilnie
199,132,12,80.4,44.3,2025-10-14,78,0.9701492537313432,due_soon,due_soon,0.4490049751243782,1.0,0.9701492537313432,74.5,10.8,12.0,289.76,3383.1,3477.12,259045.44,Klient_199,Produkt_132,Przygotuj ofertę ponownego zakupu
154,4,4,146.0,72.8,2025-05-20,225,1.5410958904109588,overdue,overdue,0.5013698630136987,0.5,0.45890410958904115,49.0,14.0,16.0,329.21,5326.8,5267.36,258100.63999999998,Klient_154,Produkt_004,Skontaktuj się z klientem pilnie
135,31,13,71.1,36.0,2025-08-14,139,1.9549929676511957,overdue,overdue,0.49367088607594933,1.0,0.04500703234880432,53.3,10.1,11.0,439.92,4545.97,4839.12,257925.096,Klient_135,Produkt_031,Skontaktuj się z klientem pilnie
239,5,10,98.2,41.9,2025-09-17,105,1.0692464358452138,due_soon,due_soon,0.5733197556008147,1.0,0.9307535641547862,79.1,9.3,11.0,296.23,3400.72,3258.53,257749.723,Klient_239,Produkt_005,Przygotuj ofertę ponownego zakupu
208,86,10,105.0,41.7,2025-08-24,129,1.2285714285714286,overdue,overdue,0.6028571428571428,1.0,0.7714285714285714,76.4,8.7,7.5,447.96,3343.05,3359.7,256681.08000000002,Klient_208,Produkt_086,Skontaktuj się z klientem pilnie
134,49,9,116.0,123.8,2025-08-14,139,1.1982758620689655,due_soon,due_soon,0.0,1.0,0.8017241379310345,50.0,10.6,11.0,464.84,4734.4,5113.24,255662.0,Klient_134,Produkt_049,Przygotuj ofertę ponownego zakupu
188,41,4,265.7,160.8,2025-05-11,234,0.8806925103500188,due_soon,due_soon,0.3948061723748588,0.5,0.8806925103500188,54.8,11.0,10.0,466.45,4769.86,4664.5,255614.59999999998,Klient_188,Produkt_041,Przygotuj ofertę ponownego zakupu
294,103,8,128.0,112.4,2025-06-29,185,1.4453125,overdue,overdue,0.12187499999999996,1.0,0.5546875,49.4,14.0,14.0,363.39,5207.88,5087.46,251320.524,Klient_294,Produkt_103,Skontaktuj się z klientem pilnie
270,47,21,50.3,28.8,2025-10-06,86,1.7097415506958251,overdue,overdue,0.42743538767395617,1.0,0.2902584493041749,56.5,10.0,10.0,441.07,4366.3,4410.7,249204.55,Klient_270,Produkt_047,Skontaktuj się z klientem pilnie
262,149,12,85.0,35.8,2025-07-28,156,1.8352941176470587,overdue,overdue,0.5788235294117647,1.0,0.16470588235294126,60.2,9.9,9.5,435.57,3995.2,4137.92,249102.784,Klient_262,Produkt_149,Skontaktuj się z klientem pilnie
27,56,17,63.6,49.1,2025-10-23,69,1.0849056603773584,due_soon,due_soon,0.2279874213836478,1.0,0.9150943396226416,63.1,10.6,12.0,327.98,3718.32,3935.76,248346.456,Klient_027,Produkt_056,Przygotuj ofertę ponownego zakupu
211,31,5,167.0,59.6,2025-03-06,300,1.7964071856287425,overdue,overdue,0.6431137724550898,0.625,0.20359281437125754,52.8,10.0,11.0,427.55,4662.13,4703.05,248321.04,Klient_211,Produkt_031,Skontaktuj się z klientem pilnie
17,34,14,75.5,64.0,2025-10-16,76,1.0066225165562914,due_soon,due_soon,0.152317880794702,1.0,0.9933774834437086,61.7,10.6,13.0,309.56,3972.15,4024.28,248298.07600000003,Klient_017,Produkt_034,Przygotuj ofertę ponownego zakupu
269,126,15,67.9,37.6,2025-09-06,116,1.7083946980854197,overdue,overdue,0.4462444771723123,1.0,0.29160530191458034,57.4,9.8,9.0,479.79,4035.96,4318.11,247859.51399999997,Klient_269,Produkt_126,Skontaktuj się z klientem pilnie
128,57,5,190.0,101.8,2025-02-25,309,1.6263157894736842,overdue,overdue,0.4642105263157895,0.625,0.37368421052631584,49.0,11.6,14.0,360.45,5156.48,5046.3,247268.7,Klient_128,Produkt_057,Skontaktuj się z klientem pilnie
83,41,10,97.3,88.7,2025-08-06,147,1.510791366906475,overdue,overdue,0.08838643371017463,1.0,0.489208633093525,46.2,11.1,12.0,444.04,5122.68,5328.48,246175.77599999998,Klient_083,Produkt_041,Skontaktuj się z klientem pilnie
24,61,13,78.6,88.7,2025-10-19,73,0.9287531806615776,due_soon,due_soon,0.0,1.0,0.9287531806615776,53.2,12.5,14.0,330.45,4858.56,4626.3,246119.16000000003,Klient_024,Produkt_061,Przygotuj ofertę ponownego zakupu
139,30,9,116.0,115.1,2025-09-11,111,0.9568965517241379,due_soon,due_soon,0.007758620689655271,1.0,0.9568965517241379,54.3,12.7,14.0,323.64,4415.04,4530.96,246031.128,Klient_139,Produkt_030,Przygotuj ofertę ponownego zakupu
103,8,14,71.8,92.4,2025-09-25,97,1.350974930362117,overdue,overdue,0.0,1.0,0.649025069637883,46.2,11.3,12.5,425.15,5385.44,5314.38,245524.35600000003,Klient_103,Produkt_008,Skontaktuj się z klientem pilnie
293,11,6,150.8,106.5,2025-08-02,151,1.0013262599469495,due_soon,due_soon,0.29376657824933694,0.75,0.9986737400530505,60.7,9.8,9.5,424.36,4118.96,4031.42,244707.19400000002,Klient_293,Produkt_011,Przygotuj ofertę ponownego zakupu
12,54,19,57.2,50.0,2025-11-12,49,0.8566433566433566,due_soon,due_soon,0.12587412587412594,1.0,0.8566433566433566,57.1,12.7,13.0,328.06,4324.58,4264.78,243518.938,Klient_012,Produkt_054,Przygotuj ofertę ponownego zakupu
109,61,13,82.2,75.3,2025-10-14,78,0.948905109489051,due_soon,due_soon,0.08394160583941612,1.0,0.948905109489051,57.5,10.7,13.0,325.35,4327.31,4229.55,243199.125,Klient_109,Produkt_061,Przygotuj ofertę ponownego zakupu
181,140,12,84.2,54.1,2025-08-05,148,1.7577197149643704,overdue,overdue,0.3574821852731591,1.0,0.2422802850356296,52.1,10.8,10.5,444.0,4474.84,4662.0,242890.2,Klient_181,Produkt_140,Skontaktuj się z klientem pilnie
134,34,12,83.9,62.9,2025-10-05,87,1.036948748510131,due_soon,due_soon,0.25029797377830754,1.0,0.963051251489869,65.3,10.8,11.5,321.82,3735.21,3700.93,241670.729,Klient_134,Produkt_034,Przygotuj ofertę ponownego zakupu
85,25,25,41.9,21.1,2025-10-31,61,1.4558472553699284,overdue,overdue,0.4964200477326969,1.0,0.5441527446300716,65.9,9.3,8.0,456.96,3700.8,3655.68,240909.312,Klient_085,Produkt_025,Skontaktuj się z klientem pilnie
66,92,6,157.8,71.6,2025-05-08,237,1.5019011406844105,overdue,overdue,0.5462610899873258,0.75,0.4980988593155895,59.5,11.3,11.5,350.95,4083.8,4035.92,240137.24,Klient_066,Produkt_092,Skontaktuj się z klientem pilnie
123,116,24,45.1,26.2,2025-11-18,43,0.9534368070953436,due_soon,due_soon,0.4190687361419069,1.0,0.9534368070953436,72.7,10.0,10.0,330.13,3299.27,3301.3,240004.51,Klient_123,Produkt_116,Przygotuj ofertę ponownego zakupu
144,129,13,78.8,51.5,2025-08-20,133,1.6878172588832487,overdue,overdue,0.34644670050761417,1.0,0.31218274111675126,53.4,8.9,9.0,498.35,4193.1,4485.15,239507.00999999998,Klient_144,Produkt_129,Skontaktuj się z klientem pilnie
294,80,7,124.5,89.9,2025-08-08,145,1.1646586345381527,due_soon,due_soon,0.2779116465863454,0.875,0.8353413654618473,59.6,10.3,10.0,401.12,4100.8,4011.2,239067.52,Klient_294,Produkt_080,Przygotuj ofertę ponownego zakupu
86,11,6,93.2,46.5,2025-08-30,123,1.3197424892703862,overdue,overdue,0.5010729613733906,0.75,0.6802575107296138,62.1,9.2,9.0,427.33,3824.85,3845.97,238834.737,Klient_086,Produkt_011,Skontaktuj się z klientem pilnie
86,20,10,93.9,65.0,2025-08-02,151,1.6080937167199147,overdue,overdue,0.30777422790202347,1.0,0.39190628328008525,53.6,9.3,9.5,468.59,4490.97,4451.6,238605.76000000004,Klient_086,Produkt_020,Skontaktuj się z klientem pilnie
152,68,6,161.6,174.2,2025-07-04,180,1.113861386138614,due_soon,due_soon,0.0,0.75,0.886138613861386,44.7,10.3,11.0,482.18,5083.21,5303.98,237087.906,Klient_152,Produkt_068,Przygotuj ofertę ponownego zakupu
88,7,3,255.5,108.2,2025-03-11,295,1.1545988258317026,due_soon,due_soon,0.5765166340508806,0.375,0.8454011741682974,58.3,12.0,11.0,367.5,4090.02,4042.5,235677.75,Klient_088,Produkt_007,Przygotuj ofertę ponownego zakupu
131,98,17,61.4,38.6,2025-09-13,109,1.7752442996742672,overdue,overdue,0.37133550488599343,1.0,0.22475570032573278,52.3,12.8,15.0,300.37,4494.0,4505.55,235640.26499999998,Klient_131,Produkt_098,Skontaktuj się z klientem pilnie
242,117,7,118.8,58.6,2025-07-18,166,1.3973063973063973,overdue,overdue,0.5067340067340067,0.875,0.6026936026936027,64.1,9.7,8.0,450.79,3683.84,3606.32,231165.112,Klient_242,Produkt_117,Skontaktuj się z klientem pilnie
144,85,13,81.6,65.3,2025-10-20,72,0.8823529411764707,due_soon,due_soon,0.19975490196078427,1.0,0.8823529411764707,61.0,10.6,12.0,315.54,3868.68,3786.48,230975.28,Klient_144,Produkt_085,Przygotuj ofertę ponownego zakupu
294,18,8,110.3,67.7,2025-08-08,145,1.314596554850408,overdue,overdue,0.38621940163191293,1.0,0.6854034451495921,64.5,9.9,10.0,356.93,3534.6,3569.3,230219.85,Klient_294,Produkt_018,Skontaktuj się z klientem pilnie
4,15,5,181.5,122.8,2025-03-14,292,1.6088154269972452,overdue,overdue,0.3234159779614325,0.625,0.3911845730027548,43.1,11.8,12.0,439.88,5167.2,5278.56,227505.93600000002,Klient_004,Produkt_015,Skontaktuj się z klientem pilnie
119,8,6,163.2,90.5,2025-04-16,259,1.5870098039215688,overdue,overdue,0.4454656862745098,0.75,0.41299019607843124,52.9,10.5,10.0,428.9,4319.18,4289.0,226888.1,Klient_119,Produkt_008,Skontaktuj się z klientem pilnie
268,132,11,95.7,52.8,2025-08-15,138,1.4420062695924765,overdue,overdue,0.4482758620689655,1.0,0.5579937304075235,64.1,11.0,12.0,294.58,3480.12,3534.96,226590.936,Klient_268,Produkt_132,Skontaktuj się z klientem pilnie
242,129,6,128.6,88.6,2025-05-09,236,1.8351477449455678,overdue,overdue,0.3110419906687403,0.75,0.16485225505443224,40.6,10.8,11.0,506.4,5344.25,5570.4,226158.24,Klient_242,Produkt_129,Skontaktuj się z klientem pilnie
60,27,23,47.2,39.4,2025-11-19,42,0.8898305084745762,due_soon,due_soon,0.1652542372881357,1.0,0.8898305084745762,59.7,9.0,9.0,420.67,4122.09,3786.03,226025.991,Klient_060,Produkt_027,Przygotuj ofertę ponownego zakupu
257,132,18,52.1,27.0,2025-10-28,64,1.2284069097888675,overdue,overdue,0.48176583493282155,1.0,0.7715930902111325,71.0,10.4,11.0,287.21,3285.81,3159.31,224311.01,Klient_257,Produkt_132,Skontaktuj się z klientem pilnie
172,102,24,45.1,19.4,2025-11-04,57,1.2638580931263859,overdue,overdue,0.5698447893569845,1.0,0.7361419068736141,74.0,9.5,10.0,302.68,3051.3,3026.8,223983.2,Klient_172,Produkt_102,Skontaktuj się z klientem pilnie
32,95,11,88.2,43.6,2025-08-17,136,1.5419501133786848,overdue,overdue,0.5056689342403629,1.0,0.4580498866213152,64.2,12.6,14.0,248.6,3680.04,3480.4,223441.68000000002,Klient_032,Produkt_095,Skontaktuj się z klientem pilnie
29,41,5,188.0,52.8,2025-05-08,237,1.2606382978723405,overdue,overdue,0.7191489361702128,0.625,0.7393617021276595,69.6,9.4,7.0,458.62,3331.09,3210.34,223439.664,Klient_029,Produkt_041,Skontaktuj się z klientem pilnie
17,144,12,89.2,64.6,2025-10-16,76,0.852017937219731,due_soon,due_soon,0.27578475336322883,1.0,0.852017937219731,63.7,8.3,7.5,467.14,3645.1,3503.55,223176.135,Klient_017,Produkt_144,Przygotuj ofertę ponownego zakupu
171,115,5,196.2,114.9,2025-06-26,188,0.9582059123343527,due_soon,due_soon,0.4143730886850152,0.625,0.9582059123343527,61.4,10.2,10.0,363.21,3428.3,3632.1,223010.94,Klient_171,Produkt_115,Przygotuj ofertę ponownego zakupu
184,148,9,116.1,65.8,2025-09-07,115,0.9905254091300604,due_soon,due_soon,0.4332472006890612,1.0,0.9905254091300604,74.3,9.3,9.0,332.93,2882.43,2996.37,222630.291,Klient_184,Produkt_148,Przygotuj ofertę ponownego zakupu
225,58,21,50.8,32.0,2025-10-12,80,1.5748031496062993,overdue,overdue,0.3700787401574803,1.0,0.4251968503937007,57.3,9.8,12.0,319.77,3780.48,3837.24,219873.85199999998,Klient_225,Produkt_058,Skontaktuj się z klientem pilnie
186,47,6,159.8,108.0,2025-07-10,174,1.0888610763454316,due_soon,due_soon,0.3241551939924907,0.75,0.9111389236545684,59.9,9.2,8.0,456.22,3743.21,3649.76,218620.624,Klient_186,Produkt_047,Przygotuj ofertę ponownego zakupu
41,118,12,91.1,84.8,2025-10-03,89,0.9769484083424809,due_soon,due_soon,0.06915477497255762,1.0,0.9769484083424809,57.5,12.4,14.0,270.37,3736.26,3785.18,217647.84999999998,Klient_041,Produkt_118,Przygotuj ofertę ponownego zakupu
59,32,11,94.2,95.2,2025-09-13,109,1.157112526539278,due_soon,due_soon,0.0,1.0,0.8428874734607219,51.1,12.1,12.0,354.42,4100.47,4253.04,217330.344,Klient_059,Produkt_032,Przygotuj ofertę ponownego zakupu
163,119,8,121.1,51.1,2025-09-10,112,0.9248554913294799,due_soon,due_soon,0.5780346820809248,1.0,0.9248554913294799,79.1,10.2,10.0,274.26,2586.56,2742.6,216939.65999999997,Klient_163,Produkt_119,Przygotuj ofertę ponownego zakupu
64,18,11,79.2,27.9,2025-08-24,129,1.6287878787878787,overdue,overdue,0.6477272727272727,1.0,0.3712121212121213,68.4,9.9,9.0,350.98,3256.65,3158.82,216063.28800000003,Klient_064,Produkt_018,Skontaktuj się z klientem pilnie
182,71,16,64.6,43.8,2025-09-22,100,1.5479876160990713,overdue,overdue,0.32198142414860675,1.0,0.4520123839009287,55.8,9.4,9.5,400.1,3696.97,3800.95,212093.00999999998,Klient_182,Produkt_071,Skontaktuj się z klientem pilnie
189,127,5,139.2,61.4,2025-05-09,236,1.6954022988505748,overdue,overdue,0.5589080459770115,0.625,0.3045977011494252,51.5,8.4,10.0,411.5,3816.6,4115.0,211922.5,Klient_189,Produkt_127,Skontaktuj się z klientem pilnie
245,132,12,90.2,50.9,2025-10-08,84,0.9312638580931264,due_soon,due_soon,0.43569844789356993,1.0,0.9312638580931264,72.9,10.9,10.0,290.43,2909.15,2904.3,211723.47000000003,Klient_245,Produkt_132,Przygotuj ofertę ponownego zakupu
104,53,3,208.0,31.1,2025-05-05,240,1.1538461538461537,due_soon,due_soon,0.8504807692307692,0.375,0.8461538461538463,70.7,12.7,12.0,249.49,2978.76,2993.88,211667.31600000002,Klient_104,Produkt_053,Przygotuj ofertę ponownego zakupu
246,146,6,164.2,147.3,2025-05-22,223,1.3580998781973204,overdue,overdue,0.10292326431181475,0.75,0.6419001218026796,43.2,11.8,13.5,362.86,4686.98,4898.61,211619.952,Klient_246,Produkt_146,Skontaktuj się z klientem pilnie
245,46,11,92.3,101.9,2025-10-08,84,0.9100758396533045,due_soon,due_soon,0.0,1.0,0.9100758396533045,52.8,9.2,9.0,440.78,3754.98,3967.02,209458.656,Klient_245,Produkt_046,Przygotuj ofertę ponownego zakupu
37,4,13,77.2,54.1,2025-08-22,131,1.6968911917098446,overdue,overdue,0.2992227979274611,1.0,0.3031088082901554,51.0,11.2,12.0,339.18,3851.4,4070.16,207578.16,Klient_037,Produkt_004,Skontaktuj się z klientem pilnie
140,25,9,110.0,53.6,2025-07-25,159,1.4454545454545455,overdue,overdue,0.5127272727272727,1.0,0.5545454545454545,66.9,8.4,7.0,442.82,3040.8,3099.74,207372.606,Klient_140,Produkt_025,Skontaktuj się z klientem pilnie
65,56,11,90.5,85.3,2025-10-03,89,0.9834254143646409,due_soon,due_soon,0.05745856353591161,1.0,0.9834254143646409,57.2,11.9,11.0,327.63,3607.56,3603.93,206144.796,Klient_065,Produkt_056,Przygotuj ofertę ponownego zakupu
198,70,7,121.7,45.0,2025-07-24,160,1.314708299096138,overdue,overdue,0.6302382908792112,0.875,0.6852917009038619,71.7,12.1,12.0,239.52,2791.2,2874.24,206083.008,Klient_198,Produkt_070,Skontaktuj się z klientem pilnie
133,135,13,81.2,66.8,2025-10-01,91,1.1206896551724137,due_soon,due_soon,0.17733990147783263,1.0,0.8793103448275863,60.0,13.2,13.0,263.98,3352.8,3431.74,205904.4,Klient_133,Produkt_135,Przygotuj ofertę ponownego zakupu
283,130,8,124.7,72.8,2025-05-26,219,1.756214915797915,overdue,overdue,0.4161988773055333,1.0,0.243785084202085,54.8,14.5,16.5,225.01,3770.54,3712.66,203453.76799999998,Klient_283,Produkt_130,Skontaktuj się z klientem pilnie
220,30,4,248.7,178.1,2025-04-15,260,1.045436268596703,due_soon,due_soon,0.2838761560112585,0.5,0.9545637314032971,51.6,12.0,12.5,314.63,3906.6,3932.88,202936.608,Klient_220,Produkt_030,Przygotuj ofertę ponownego zakupu
112,86,14,77.2,57.3,2025-10-26,66,0.854922279792746,due_soon,due_soon,0.25777202072538863,1.0,0.854922279792746,63.0,8.9,7.5,428.08,3091.92,3210.6,202267.8,Klient_112,Produkt_086,Przygotuj ofertę ponownego zakupu
46,11,8,124.3,84.9,2025-08-31,122,0.9814963797264682,due_soon,due_soon,0.31697506033789213,1.0,0.9814963797264682,68.8,8.5,7.0,417.17,2901.78,2920.19,200909.072,Klient_046,Produkt_011,Przygotuj ofertę ponownego zakupu
274,103,6,172.8,80.9,2025-05-27,218,1.261574074074074,overdue,overdue,0.5318287037037037,0.75,0.738425925925926,64.9,8.8,8.5,363.88,3128.04,3092.98,200734.40200000003,Klient_274,Produkt_103,Skontaktuj się z klientem pilnie
123,148,23,44.8,19.1,2025-10-23,69,1.5401785714285716,overdue,overdue,0.5736607142857142,1.0,0.4598214285714284,67.3,9.2,9.0,330.86,3134.3,2977.74,200401.90199999997,Klient_123,Produkt_148,Skontaktuj się z klientem pilnie
292,110,8,127.7,142.5,2025-09-10,112,0.8770555990602975,due_soon,due_soon,0.0,1.0,0.8770555990602975,51.9,11.5,11.0,349.75,3892.3,3847.25,199672.275,Klient_292,Produkt_110,Przygotuj ofertę ponownego zakupu
61,6,26,40.8,24.1,2025-10-21,71,1.7401960784313726,overdue,overdue,0.40931372549019596,1.0,0.2598039215686274,54.9,9.9,9.5,381.9,3556.35,3628.05,199179.945,Klient_061,Produkt_006,Skontaktuj się z klientem pilnie
218,126,6,166.4,152.0,2025-07-14,170,1.0216346153846154,due_soon,due_soon,0.08653846153846156,0.75,0.9783653846153846,50.9,8.5,8.5,460.2,4022.01,3911.7,199105.53,Klient_218,Produkt_126,Przygotuj ofertę ponownego zakupu
233,43,7,131.7,72.6,2025-05-11,234,1.7767653758542143,overdue,overdue,0.44874715261959,0.875,0.22323462414578565,52.0,10.9,11.0,347.34,3906.1,3820.74,198678.47999999998,Klient_233,Produkt_043,Skontaktuj się z klientem pilnie
102,92,5,197.8,116.4,2025-04-30,245,1.2386248736097067,overdue,overdue,0.4115267947421638,0.625,0.7613751263902933,56.3,10.2,10.0,352.54,3696.6,3525.4,198480.02,Klient_102,Produkt_092,Skontaktuj się z klientem pilnie
26,4,6,181.4,103.2,2025-07-20,164,0.9040793825799338,due_soon,due_soon,0.43109151047409044,0.75,0.9040793825799338,64.5,8.3,8.5,359.8,3081.82,3058.3,197260.35,Klient_026,Produkt_004,Przygotuj ofertę ponownego zakupu
193,18,8,118.7,56.7,2025-05-09,236,1.9882055602358888,overdue,overdue,0.5223251895534962,1.0,0.011794439764111209,53.8,10.5,10.5,348.58,3499.6,3660.09,196912.842,Klient_193,Produkt_018,Skontaktuj się z klientem pilnie
110,39,23,46.3,30.7,2025-11-08,53,1.144708423326134,due_soon,due_soon,0.3369330453563715,1.0,0.855291576673866,66.5,8.0,6.0,492.73,3088.86,2956.38,196599.27000000002,Klient_110,Produkt_039,Przygotuj ofertę ponownego zakupu
148,50,4,259.3,188.4,2025-04-27,248,0.9564211338218279,due_soon,due_soon,0.27342846124180487,0.5,0.9564211338218279,51.2,13.0,13.5,284.41,3856.52,3839.54,196584.448,Klient_148,Produkt_050,Przygotuj ofertę ponownego zakupu
80,53,11,97.0,48.2,2025-09-13,109,1.1237113402061856,due_soon,due_soon,0.5030927835051546,1.0,0.8762886597938144,74.5,11.1,11.0,239.34,2649.57,2632.74,196139.12999999998,Klient_080,Produkt_053,Przygotuj ofertę ponownego zakupu
289,74,18,60.5,33.9,2025-10-26,66,1.0909090909090908,due_soon,due_soon,0.43966942148760335,1.0,0.9090909090909092,72.5,10.7,11.0,244.32,2630.35,2687.52,194845.2,Klient_289,Produkt_074,Przygotuj ofertę ponownego zakupu
8,98,10,88.0,46.1,2025-09-15,107,1.2159090909090908,overdue,overdue,0.4761363636363636,1.0,0.7840909090909092,71.0,9.1,9.0,300.98,2667.42,2708.82,192326.22,Klient_008,Produkt_098,Skontaktuj się z klientem pilnie
146,29,18,55.9,44.1,2025-09-13,109,1.9499105545617175,overdue,overdue,0.21109123434704824,1.0,0.05008944543828253,40.8,10.2,10.0,467.98,4625.52,4679.8,190935.84,Klient_146,Produkt_029,Skontaktuj się z klientem pilnie
174,100,12,87.0,67.2,2025-09-06,116,1.3333333333333333,overdue,overdue,0.22758620689655173,1.0,0.6666666666666667,56.9,11.8,14.0,239.68,3154.06,3355.52,190929.088,Klient_174,Produkt_100,Skontaktuj się z klientem pilnie
180,137,15,61.6,38.3,2025-10-14,78,1.2662337662337662,overdue,overdue,0.3782467532467533,1.0,0.7337662337662338,65.4,12.3,13.0,224.43,2992.86,2917.59,190810.38600000003,Klient_180,Produkt_137,Skontaktuj się z klientem pilnie
23,5,15,68.5,59.6,2025-10-31,61,0.8905109489051095,due_soon,due_soon,0.1299270072992701,1.0,0.8905109489051095,58.1,10.5,11.0,297.28,3012.79,3270.08,189991.648,Klient_023,Produkt_005,Przygotuj ofertę ponownego zakupu
147,128,4,194.7,170.8,2025-04-21,254,1.3045711350796096,overdue,overdue,0.12275295326142777,0.5,0.6954288649203904,37.9,11.5,11.0,454.58,5080.46,5000.38,189514.402,Klient_147,Produkt_128,Skontaktuj się z klientem pilnie
133,91,11,84.0,67.1,2025-09-12,110,1.3095238095238095,overdue,overdue,0.20119047619047625,1.0,0.6904761904761905,56.3,7.8,7.0,479.13,3306.38,3353.91,188825.13299999997,Klient_133,Produkt_091,Skontaktuj się z klientem pilnie
223,99,14,74.5,75.3,2025-09-16,106,1.4228187919463087,overdue,overdue,0.0,1.0,0.5771812080536913,44.4,11.9,13.5,314.64,4135.19,4247.64,188595.21600000001,Klient_223,Produkt_099,Skontaktuj się z klientem pilnie
198,115,5,208.5,170.8,2025-04-24,251,1.2038369304556356,overdue,overdue,0.1808153477218225,0.625,0.7961630695443644,46.8,12.2,11.0,365.73,3724.27,4023.03,188277.804,Klient_198,Produkt_115,Skontaktuj się z klientem pilnie
19,132,16,57.3,65.7,2025-11-06,55,0.9598603839441536,due_soon,due_soon,0.0,1.0,0.9598603839441536,54.0,11.2,12.0,289.14,3430.02,3469.68,187362.72,Klient_019,Produkt_132,Przygotuj ofertę ponownego zakupu
3,61,10,85.0,36.3,2025-09-12,110,1.2941176470588236,overdue,overdue,0.5729411764705883,1.0,0.7058823529411764,73.4,8.5,7.5,336.57,2498.02,2524.28,185282.15200000003,Klient_003,Produkt_061,Skontaktuj się z klientem pilnie
150,54,18,51.1,33.6,2025-11-17,44,0.8610567514677103,due_soon,due_soon,0.34246575342465757,1.0,0.8610567514677103,66.9,8.4,8.5,325.15,2819.37,2763.77,184896.21300000002,Klient_150,Produkt_054,Przygotuj ofertę ponownego zakupu
235,98,24,44.7,19.2,2025-10-27,65,1.45413870246085,overdue,overdue,0.5704697986577182,1.0,0.5458612975391499,69.3,10.1,9.0,295.45,2785.59,2659.05,184272.165,Klient_235,Produkt_098,Skontaktuj się z klientem pilnie
162,32,3,312.5,187.4,2024-11-23,403,1.2896,overdue,overdue,0.40032,0.375,0.7103999999999999,47.0,10.0,11.0,355.71,3632.75,3912.81,183902.07,Klient_162,Produkt_032,Skontaktuj się z klientem pilnie
6,43,11,97.9,132.4,2025-10-06,86,0.8784473953013279,due_soon,due_soon,0.0,1.0,0.8784473953013279,52.0,10.5,10.0,351.22,3260.1,3512.2,182634.4,Klient_006,Produkt_043,Przygotuj ofertę ponownego zakupu
277,102,5,211.8,126.8,2025-05-25,220,1.0387157695939566,due_soon,due_soon,0.40132200188857414,0.625,0.9612842304060434,60.8,10.2,10.0,298.92,2815.3,2989.2,181743.36,Klient_277,Produkt_102,Przygotuj ofertę ponownego zakupu
181,36,9,112.0,70.0,2025-07-06,178,1.5892857142857142,overdue,overdue,0.375,1.0,0.4107142857142858,57.1,9.4,9.0,353.54,3011.76,3181.86,181684.206,Klient_181,Produkt_036,Skontaktuj się z klientem pilnie
59,54,16,51.5,36.5,2025-10-20,72,1.3980582524271845,overdue,overdue,0.2912621359223301,1.0,0.6019417475728155,58.2,9.4,9.5,326.14,3228.43,3098.33,180322.806,Klient_059,Produkt_054,Skontaktuj się z klientem pilnie
100,54,20,52.6,32.1,2025-11-08,53,1.0076045627376427,due_soon,due_soon,0.38973384030418246,1.0,0.9923954372623573,72.3,9.7,7.5,330.62,2452.25,2479.65,179278.695,Klient_100,Produkt_054,Przygotuj ofertę ponownego zakupu
129,5,17,60.1,57.0,2025-09-26,96,1.5973377703826954,overdue,overdue,0.05158069883527461,1.0,0.4026622296173046,42.4,12.7,14.0,301.69,4089.02,4223.66,179083.18399999998,Klient_129,Produkt_005,Skontaktuj się z klientem pilnie
224,102,12,78.0,92.9,2025-10-13,79,1.0128205128205128,due_soon,due_soon,0.0,1.0,0.9871794871794872,54.7,10.0,10.5,311.8,3164.7,3273.9,179082.33000000002,Klient_224,Produkt_102,Przygotuj ofertę ponownego zakupu
119,32,5,123.2,81.4,2025-06-26,188,1.525974025974026,overdue,overdue,0.3392857142857143,0.625,0.474025974025974,45.9,10.6,11.0,354.6,3870.35,3900.6,179037.53999999998,Klient_119,Produkt_032,Skontaktuj się z klientem pilnie
156,18,8,126.1,81.8,2025-07-01,183,1.4512291831879462,overdue,overdue,0.35130848532910386,1.0,0.5487708168120538,59.5,8.5,8.5,353.72,2979.52,3006.62,178893.88999999998,Klient_156,Produkt_018,Skontaktuj się z klientem pilnie
101,56,16,65.5,47.5,2025-10-03,89,1.3587786259541985,overdue,overdue,0.2748091603053435,1.0,0.6412213740458015,58.4,9.1,9.5,321.57,2969.5,3054.92,178407.328,Klient_101,Produkt_056,Skontaktuj się z klientem pilnie
33,95,13,76.4,38.9,2025-08-15,138,1.8062827225130889,overdue,overdue,0.49083769633507857,1.0,0.19371727748691114,56.9,12.0,12.0,259.18,3119.88,3110.16,176968.104,Klient_033,Produkt_095,Skontaktuj się z klientem pilnie
105,67,8,112.6,45.3,2025-06-09,205,1.8206039076376554,overdue,overdue,0.5976909413854352,1.0,0.17939609236234455,61.4,10.0,8.5,338.44,2841.82,2876.74,176631.83599999998,Klient_105,Produkt_067,Skontaktuj się z klientem pilnie
289,100,13,72.2,28.3,2025-09-02,120,1.6620498614958448,overdue,overdue,0.60803324099723,1.0,0.33795013850415523,65.8,10.6,11.0,243.66,2776.84,2680.26,176361.108,Klient_289,Produkt_100,Skontaktuj się z klientem pilnie
277,56,3,307.5,211.4,2025-01-17,348,1.1317073170731706,due_soon,due_soon,0.312520325203252,0.375,0.8682926829268294,47.0,12.0,12.0,311.95,3852.0,3743.4,175939.80000000002,Klient_277,Produkt_056,Przygotuj ofertę ponownego zakupu
282,95,14,74.3,58.2,2025-09-29,93,1.2516823687752356,overdue,overdue,0.21668909825033644,1.0,0.7483176312247644,58.5,10.3,12.0,249.31,2946.9,2991.72,175015.62,Klient_282,Produkt_095,Skontaktuj się z klientem pilnie
15,84,13,82.2,39.4,2025-10-01,91,1.1070559610705595,due_soon,due_soon,0.5206812652068127,1.0,0.8929440389294405,75.8,9.1,8.0,288.06,2389.52,2304.48,174679.584,Klient_015,Produkt_084,Przygotuj ofertę ponownego zakupu
70,59,21,52.1,32.5,2025-11-09,52,0.9980806142034548,due_soon,due_soon,0.3761996161228407,1.0,0.9980806142034548,71.9,9.1,9.0,269.76,2227.77,2427.84,174561.69600000003,Klient_070,Produkt_059,Przygotuj ofertę ponownego zakupu
74,103,5,185.8,173.3,2025-05-15,230,1.2378902045209903,overdue,overdue,0.06727664155005386,0.625,0.7621097954790097,40.8,12.0,12.0,355.05,4200.6,4260.6,173832.48,Klient_074,Produkt_103,Skontaktuj się z klientem pilnie
167,51,12,85.6,43.3,2025-09-22,100,1.1682242990654206,due_soon,due_soon,0.4941588785046729,1.0,0.8317757009345794,73.0,10.3,10.0,236.21,2354.82,2362.1,172433.3,Klient_167,Produkt_051,Przygotuj ofertę ponownego zakupu
183,53,19,55.5,45.1,2025-10-25,67,1.2072072072072073,overdue,overdue,0.18738738738738736,1.0,0.7927927927927927,58.3,10.5,12.0,246.21,2780.14,2954.52,172248.516,Klient_183,Produkt_053,Skontaktuj się z klientem pilnie
37,108,13,80.1,41.6,2025-08-22,131,1.6354556803995008,overdue,overdue,0.480649188514357,1.0,0.36454431960049916,60.7,9.6,10.0,283.15,2861.76,2831.5,171872.05000000002,Klient_037,Produkt_108,Skontaktuj się z klientem pilnie
133,25,10,102.1,97.4,2025-10-01,91,0.89128305582762,due_soon,due_soon,0.046033300685602296,1.0,0.89128305582762,54.4,8.8,7.0,450.18,3130.66,3151.26,171428.544,Klient_133,Produkt_025,Przygotuj ofertę ponownego zakupu
65,95,13,69.7,51.3,2025-10-03,89,1.2769010043041606,overdue,overdue,0.2639885222381636,1.0,0.7230989956958394,60.0,10.5,11.0,257.09,3002.56,2827.99,169679.4,Klient_065,Produkt_095,Skontaktuj się z klientem pilnie
47,135,22,47.1,33.1,2025-10-17,75,1.592356687898089,overdue,overdue,0.29723991507431,1.0,0.40764331210191096,53.6,11.5,12.0,263.24,3285.06,3158.88,169315.96800000002,Klient_047,Produkt_135,Skontaktuj się z klientem pilnie
45,39,10,100.2,140.5,2025-08-08,145,1.4471057884231537,overdue,overdue,0.0,1.0,0.5528942115768463,43.8,7.6,8.0,483.07,3829.12,3864.56,169267.72799999997,Klient_045,Produkt_039,Skontaktuj się z klientem pilnie
84,103,13,78.5,53.3,2025-09-04,118,1.5031847133757963,overdue,overdue,0.3210191082802548,1.0,0.4968152866242037,56.9,8.8,8.0,368.21,2969.76,2945.68,167609.19199999998,Klient_084,Produkt_103,Skontaktuj się z klientem pilnie
155,100,20,54.7,33.7,2025-11-12,49,0.8957952468007312,due_soon,due_soon,0.38391224862888484,1.0,0.8957952468007312,69.7,10.2,10.0,240.24,2496.7,2402.4,167447.28,Klient_155,Produkt_100,Przygotuj ofertę ponownego zakupu
202,16,17,60.4,42.5,2025-10-23,69,1.1423841059602649,due_soon,due_soon,0.29635761589403975,1.0,0.8576158940397351,64.8,11.7,12.0,215.31,2504.64,2583.72,167425.05599999998,Klient_202,Produkt_016,Przygotuj ofertę ponownego zakupu
293,26,10,103.2,85.4,2025-08-02,151,1.4631782945736433,overdue,overdue,0.17248062015503873,1.0,0.5368217054263567,51.2,8.9,8.0,403.43,3131.51,3227.44,165244.928,Klient_293,Produkt_026,Skontaktuj się z klientem pilnie
172,132,29,37.1,19.5,2025-11-04,57,1.536388140161725,overdue,overdue,0.47439353099730464,1.0,0.463611859838275,62.9,9.3,9.0,291.7,2715.66,2625.3,165131.37,Klient_172,Produkt_132,Skontaktuj się z klientem pilnie
280,135,7,126.3,27.1,2025-06-02,212,1.6785431512272369,overdue,overdue,0.7854315122723674,0.875,0.32145684877276315,69.6,9.9,9.0,262.54,2410.56,2362.86,164455.05599999998,Klient_280,Produkt_135,Skontaktuj się z klientem pilnie
86,5,7,142.0,122.1,2025-05-12,233,1.6408450704225352,overdue,overdue,0.14014084507042257,0.875,0.35915492957746475,41.5,12.3,13.0,304.66,3839.52,3960.58,164364.07,Klient_086,Produkt_005,Skontaktuj się z klientem pilnie
300,44,6,157.2,87.6,2025-04-17,258,1.6412213740458017,overdue,overdue,0.4427480916030534,0.75,0.3587786259541983,51.4,10.8,9.5,334.16,3137.18,3174.52,163170.328,Klient_300,Produkt_044,Skontaktuj się z klientem pilnie
198,91,3,258.0,189.5,2024-09-13,474,1.8372093023255813,overdue,overdue,0.2655038759689923,0.375,0.16279069767441867,27.3,9.3,12.0,496.49,5423.16,5957.88,162650.124,Klient_198,Produkt_091,Skontaktuj się z klientem pilnie
9,18,6,133.0,54.9,2025-09-08,114,0.8571428571428571,due_soon,due_soon,0.587218045112782,0.75,0.8571428571428571,70.4,8.8,6.5,353.84,2371.46,2299.96,161917.184,Klient_009,Produkt_018,Przygotuj ofertę ponownego zakupu
3,124,10,107.2,34.5,2025-09-12,110,1.0261194029850746,due_soon,due_soon,0.6781716417910448,1.0,0.9738805970149254,84.9,12.6,14.0,135.55,1860.39,1897.7,161114.73,Klient_003,Produkt_124,Przygotuj ofertę ponownego zakupu
118,135,12,82.2,72.8,2025-09-21,101,1.2287104622871046,overdue,overdue,0.1143552311435524,1.0,0.7712895377128954,54.4,9.5,11.0,268.68,2833.77,2955.48,160778.112,Klient_118,Produkt_135,Skontaktuj się z klientem pilnie
103,56,11,95.3,87.1,2025-08-18,135,1.4165792235047219,overdue,overdue,0.08604407135362013,1.0,0.5834207764952781,48.5,10.0,10.0,330.29,3184.4,3302.9,160190.65,Klient_103,Produkt_056,Skontaktuj się z klientem pilnie
195,7,21,49.2,31.8,2025-09-25,97,1.9715447154471544,overdue,overdue,0.35365853658536583,1.0,0.028455284552845628,46.6,10.4,9.0,380.24,3415.32,3422.16,159472.656,Klient_195,Produkt_007,Skontaktuj się z klientem pilnie
179,134,5,162.0,140.2,2025-08-13,140,0.8641975308641975,due_soon,due_soon,0.13456790123456797,0.625,0.8641975308641975,46.4,11.6,14.0,243.65,3477.46,3411.1,158275.03999999998,Klient_179,Produkt_134,Przygotuj ofertę ponownego zakupu
227,82,10,99.7,59.4,2025-08-07,146,1.4643931795386158,overdue,overdue,0.4042126379137413,1.0,0.5356068204613842,61.6,12.0,14.0,183.46,2591.05,2568.44,158215.904,Klient_227,Produkt_082,Skontaktuj się z klientem pilnie
241,51,9,103.8,62.8,2025-07-31,153,1.4739884393063585,overdue,overdue,0.39499036608863203,1.0,0.5260115606936415,60.9,10.2,11.0,235.56,2592.48,2591.16,157801.644,Klient_241,Produkt_051,Skontaktuj się z klientem pilnie
129,50,12,90.4,62.0,2025-09-26,96,1.0619469026548671,due_soon,due_soon,0.3141592920353983,1.0,0.9380530973451329,67.6,9.1,8.0,289.43,2247.23,2315.44,156523.74399999998,Klient_129,Produkt_050,Przygotuj ofertę ponownego zakupu
137,109,10,101.1,55.6,2025-09-14,108,1.0682492581602374,due_soon,due_soon,0.450049455984174,1.0,0.9317507418397626,73.5,10.1,11.5,184.75,2108.85,2124.62,156159.56999999998,Klient_137,Produkt_109,Przygotuj ofertę ponownego zakupu
34,137,16,60.9,40.5,2025-11-02,59,0.9688013136288999,due_soon,due_soon,0.3349753694581281,1.0,0.9688013136288999,69.3,9.3,10.0,224.21,2348.56,2242.1,155377.53,Klient_034,Produkt_137,Przygotuj ofertę ponownego zakupu
211,98,5,167.0,140.0,2025-03-06,300,1.7964071856287425,overdue,overdue,0.16167664670658688,0.625,0.20359281437125754,31.1,12.2,17.0,293.73,4889.37,4993.41,155295.051,Klient_211,Produkt_098,Skontaktuj się z klientem pilnie
237,84,9,104.1,70.1,2025-06-06,208,1.9980787704130645,overdue,overdue,0.3266090297790586,1.0,0.0019212295869355245,44.7,11.3,12.0,288.99,3354.6,3467.88,155014.236,Klient_237,Produkt_084,Skontaktuj się z klientem pilnie
144,32,10,108.2,79.2,2025-09-17,105,0.9704251386321626,due_soon,due_soon,0.26802218114602583,1.0,0.9704251386321626,66.3,9.0,7.0,333.1,2263.87,2331.7,154591.71,Klient_144,Produkt_032,Przygotuj ofertę ponownego zakupu
28,145,6,154.6,132.2,2025-04-29,246,1.591203104786546,overdue,overdue,0.14489003880983187,0.75,0.40879689521345397,39.2,11.8,14.0,281.48,3840.71,3940.72,154476.22400000002,Klient_028,Produkt_145,Skontaktuj się z klientem pilnie
186,73,10,108.8,69.6,2025-09-07,115,1.0569852941176472,due_soon,due_soon,0.3602941176470589,1.0,0.9430147058823528,69.8,10.2,11.0,200.27,2153.71,2202.97,153767.30599999998,Klient_186,Produkt_073,Przygotuj ofertę ponownego zakupu
259,120,5,166.5,137.4,2025-03-02,304,1.8258258258258258,overdue,overdue,0.17477477477477477,0.625,0.17417417417417425,31.0,11.0,14.0,351.25,4769.1,4917.5,152442.5,Klient_259,Produkt_120,Skontaktuj się z klientem pilnie
4,108,3,273.5,183.1,2025-04-23,252,0.9213893967093236,due_soon,due_soon,0.3305301645338209,0.375,0.9213893967093236,49.2,12.0,11.0,281.27,3131.48,3093.97,152223.324,Klient_004,Produkt_108,Przygotuj ofertę ponownego zakupu
126,55,17,63.8,58.0,2025-10-29,63,0.987460815047022,due_soon,due_soon,0.09090909090909083,1.0,0.987460815047022,58.8,11.4,13.0,198.1,2571.4,2575.3,151427.64,Klient_126,Produkt_055,Przygotuj ofertę ponownego zakupu
244,16,11,90.4,58.4,2025-08-14,139,1.5376106194690264,overdue,overdue,0.35398230088495586,1.0,0.46238938053097356,57.5,11.8,12.0,218.78,2761.68,2625.36,150958.2,Klient_244,Produkt_016,Skontaktuj się z klientem pilnie
214,115,8,123.4,89.9,2025-07-20,164,1.3290113452188006,overdue,overdue,0.27147487844408424,1.0,0.6709886547811994,59.0,9.2,7.0,363.78,2519.37,2546.46,150241.14,Klient_214,Produkt_115,Skontaktuj się z klientem pilnie
180,92,12,78.2,47.4,2025-08-09,144,1.8414322250639386,overdue,overdue,0.3938618925831202,1.0,0.15856777493606145,51.7,8.7,8.5,340.65,2905.48,2895.52,149698.38400000002,Klient_180,Produkt_092,Skontaktuj się z klientem pilnie
240,132,10,99.0,143.6,2025-09-11,111,1.121212121212121,due_soon,due_soon,0.0,1.0,0.8787878787878789,52.0,9.5,10.0,286.66,2892.9,2866.6,149063.19999999998,Klient_240,Produkt_132,Przygotuj ofertę ponownego zakupu
88,99,4,260.0,239.0,2025-04-25,250,0.9615384615384616,due_soon,due_soon,0.08076923076923082,0.5,0.9615384615384616,42.7,11.2,11.5,302.68,3541.67,3480.82,148631.01400000002,Klient_088,Produkt_099,Przygotuj ofertę ponownego zakupu
69,102,7,139.8,111.0,2025-05-07,238,1.702432045779685,overdue,overdue,0.20600858369098718,0.875,0.2975679542203149,43.0,9.3,11.0,311.23,3498.99,3423.53,147211.79,Klient_069,Produkt_102,Skontaktuj się z klientem pilnie
191,104,20,53.5,36.0,2025-10-31,61,1.1401869158878504,due_soon,due_soon,0.3271028037383178,1.0,0.8598130841121496,66.2,10.5,11.0,201.19,2108.37,2213.09,146506.55800000002,Klient_191,Produkt_104,Przygotuj ofertę ponownego zakupu
44,146,5,157.5,69.7,2025-03-28,278,1.765079365079365,overdue,overdue,0.5574603174603174,0.625,0.23492063492063497,49.7,8.0,8.0,367.21,2670.8,2937.68,146002.696,Klient_044,Produkt_146,Skontaktuj się z klientem pilnie
127,16,7,130.2,70.6,2025-05-31,214,1.6436251920122888,overdue,overdue,0.45775729646697383,0.875,0.35637480798771115,55.8,11.3,12.0,217.26,2493.96,2607.12,145477.29599999997,Klient_127,Produkt_016,Skontaktuj się z klientem pilnie
42,31,5,181.0,131.9,2025-04-26,249,1.3756906077348066,overdue,overdue,0.2712707182320442,0.625,0.6243093922651934,46.6,9.6,7.0,445.95,3132.29,3121.65,145468.89,Klient_042,Produkt_031,Skontaktuj się z klientem pilnie
139,53,6,96.4,53.8,2025-08-09,144,1.4937759336099585,overdue,overdue,0.44190871369294615,0.75,0.5062240663900415,55.0,10.3,10.5,251.8,2624.46,2643.9,145414.5,Klient_139,Produkt_053,Skontaktuj się z klientem pilnie
45,71,12,84.9,73.7,2025-08-08,145,1.707891637220259,overdue,overdue,0.13191990577149593,1.0,0.29210836277974095,43.2,7.9,8.5,395.63,3462.18,3362.86,145275.55200000003,Klient_045,Produkt_071,Skontaktuj się z klientem pilnie
204,59,8,112.6,65.1,2025-07-09,175,1.5541740674955595,overdue,overdue,0.4218472468916519,1.0,0.44582593250444047,60.1,9.0,9.0,268.4,2482.64,2415.6,145177.56,Klient_204,Produkt_059,Skontaktuj się z klientem pilnie
34,53,16,66.2,39.7,2025-11-02,59,0.891238670694864,due_soon,due_soon,0.4003021148036253,1.0,0.891238670694864,70.3,9.9,8.5,242.86,2071.64,2064.31,145120.993,Klient_034,Produkt_053,Przygotuj ofertę ponownego zakupu
189,67,7,131.7,110.8,2025-05-09,236,1.791951404707669,overdue,overdue,0.1586940015186028,0.875,0.208048595292331,38.6,10.4,11.0,341.64,3578.08,3758.04,145060.344,Klient_189,Produkt_067,Skontaktuj się z klientem pilnie
114,5,7,158.2,179.8,2025-08-08,145,0.9165613147914033,due_soon,due_soon,0.0,0.875,0.9165613147914033,49.2,11.4,10.0,293.72,2830.1,2937.2,144510.24,Klient_114,Produkt_005,Przygotuj ofertę ponownego zakupu
131,148,12,86.7,85.6,2025-08-15,138,1.5916955017301038,overdue,overdue,0.012687427912341454,1.0,0.40830449826989623,40.8,9.2,10.5,337.08,3688.42,3539.34,144405.072,Klient_131,Produkt_148,Skontaktuj się z klientem pilnie
92,134,13,81.3,56.9,2025-09-08,114,1.4022140221402215,overdue,overdue,0.30012300123001234,1.0,0.5977859778597785,58.5,9.9,10.0,246.49,2544.3,2464.9,144196.65,Klient_092,Produkt_134,Skontaktuj się z klientem pilnie
36,51,6,182.0,187.1,2025-06-29,185,1.0164835164835164,due_soon,due_soon,0.0,0.75,0.9835164835164836,47.1,9.8,12.5,244.04,3000.98,3050.5,143678.55000000002,Klient_036,Produkt_051,Przygotuj ofertę ponownego zakupu
26,138,8,116.9,39.5,2025-07-20,164,1.4029084687767321,overdue,overdue,0.6621043627031651,1.0,0.5970915312232679,74.7,9.6,9.5,202.35,1942.88,1922.32,143597.304,Klient_026,Produkt_138,Skontaktuj się z klientem pilnie
33,105,12,86.2,119.4,2025-09-15,107,1.2412993039443154,overdue,overdue,0.0,1.0,0.7587006960556846,49.0,10.5,11.0,265.88,2884.38,2924.68,143309.31999999998,Klient_033,Produkt_105,Skontaktuj się z klientem pilnie
91,105,13,78.9,55.1,2025-08-14,139,1.7617237008871989,overdue,overdue,0.3016476552598226,1.0,0.23827629911280113,49.5,10.5,11.0,261.7,3015.76,2878.7,142495.65,Klient_091,Produkt_105,Skontaktuj się z klientem pilnie
244,51,7,148.8,129.7,2025-06-29,185,1.243279569892473,overdue,overdue,0.1283602150537636,0.875,0.756720430107527,50.9,10.3,12.0,233.28,2774.76,2799.36,142487.424,Klient_244,Produkt_051,Skontaktuj się z klientem pilnie
203,37,8,129.4,105.8,2025-09-01,121,0.9350850077279752,due_soon,due_soon,0.1823802163833076,1.0,0.9350850077279752,61.6,10.1,10.5,219.92,2237.65,2309.16,142244.256,Klient_203,Produkt_037,Przygotuj ofertę ponownego zakupu
223,37,13,80.8,47.2,2025-09-16,106,1.311881188118812,overdue,overdue,0.41584158415841577,1.0,0.6881188118811881,65.9,11.1,10.0,215.5,2199.3,2155.0,142014.5,Klient_223,Produkt_037,Skontaktuj się z klientem pilnie
105,8,7,147.0,159.4,2025-06-09,205,1.3945578231292517,overdue,overdue,0.0,0.875,0.6054421768707483,41.4,9.0,8.0,423.05,3624.24,3384.4,140114.16,Klient_105,Produkt_008,Skontaktuj się z klientem pilnie
46,21,5,176.0,83.9,2025-02-20,314,1.7840909090909092,overdue,overdue,0.5232954545454545,0.625,0.21590909090909083,47.7,13.8,15.0,195.43,3094.05,2931.45,139830.165,Klient_046,Produkt_021,Skontaktuj się z klientem pilnie
104,56,5,163.2,18.8,2025-03-01,305,1.8688725490196079,overdue,overdue,0.8848039215686274,0.625,0.13112745098039214,61.8,9.6,7.0,323.05,2403.87,2261.35,139751.43,Klient_104,Produkt_056,Skontaktuj się z klientem pilnie
118,10,11,92.3,73.4,2025-08-20,133,1.4409534127843988,overdue,overdue,0.2047670639219934,1.0,0.5590465872156012,53.2,12.7,14.0,186.07,2721.6,2604.98,138584.93600000002,Klient_118,Produkt_010,Skontaktuj się z klientem pilnie
270,37,21,52.2,30.7,2025-11-13,48,0.9195402298850575,due_soon,due_soon,0.41187739463601536,1.0,0.9195402298850575,71.5,9.7,9.0,214.49,1900.17,1930.41,138024.315,Klient_270,Produkt_037,Przygotuj ofertę ponownego zakupu
55,50,3,279.0,223.4,2025-03-19,287,1.028673835125448,due_soon,due_soon,0.19928315412186381,0.375,0.9713261648745519,44.5,12.7,11.0,281.84,2972.53,3100.24,137960.68,Klient_055,Produkt_050,Przygotuj ofertę ponownego zakupu
158,43,3,354.5,362.7,2025-01-02,363,1.0239774330042313,due_soon,due_soon,0.0,0.375,0.9760225669957687,35.7,9.3,11.0,350.41,3742.2,3854.51,137606.007,Klient_158,Produkt_043,Przygotuj ofertę ponownego zakupu
190,82,23,45.0,22.3,2025-11-08,53,1.1777777777777778,due_soon,due_soon,0.5044444444444445,1.0,0.8222222222222222,73.3,9.9,10.0,187.7,1809.5,1877.0,137584.1,Klient_190,Produkt_082,Przygotuj ofertę ponownego zakupu
79,80,10,102.3,89.5,2025-08-03,150,1.466275659824047,overdue,overdue,0.12512218963831867,1.0,0.533724340175953,49.0,6.3,7.0,400.88,2866.48,2806.16,137501.84,Klient_079,Produkt_080,Skontaktuj się z klientem pilnie
269,135,12,80.4,73.8,2025-10-02,90,1.1194029850746268,due_soon,due_soon,0.0820895522388061,1.0,0.8805970149253732,55.7,10.0,9.5,258.54,2524.76,2456.13,136806.44100000002,Klient_269,Produkt_135,Przygotuj ofertę ponownego zakupu
102,82,6,158.2,129.4,2025-04-30,245,1.5486725663716816,overdue,overdue,0.18204804045512002,0.75,0.4513274336283184,42.0,14.5,17.0,190.15,3128.46,3232.55,135767.1,Klient_102,Produkt_082,Skontaktuj się z klientem pilnie
74,148,6,161.8,80.9,2025-04-07,268,1.6563658838071693,overdue,overdue,0.5,0.75,0.3436341161928307,53.6,6.5,7.5,336.37,2403.54,2522.78,135221.008,Klient_074,Produkt_148,Skontaktuj się z klientem pilnie
242,105,8,129.1,92.7,2025-07-18,166,1.2858249419054997,overdue,overdue,0.2819519752130131,1.0,0.7141750580945003,60.5,9.6,8.5,261.5,2275.31,2222.75,134476.375,Klient_242,Produkt_105,Skontaktuj się z klientem pilnie
140,146,7,136.5,136.9,2025-04-27,248,1.8168498168498168,overdue,overdue,0.0,0.875,0.18315018315018317,30.8,12.4,12.0,363.51,4373.64,4362.12,134353.296,Klient_140,Produkt_146,Skontaktuj się z klientem pilnie
53,104,17,62.8,39.4,2025-10-05,87,1.3853503184713376,overdue,overdue,0.3726114649681529,1.0,0.6146496815286624,62.1,10.9,11.0,196.34,2068.33,2159.74,134119.854,Klient_053,Produkt_104,Skontaktuj się z klientem pilnie
228,34,24,44.4,27.9,2025-10-29,63,1.4189189189189189,overdue,overdue,0.3716216216216216,1.0,0.5810810810810811,61.3,7.3,7.0,310.9,2148.82,2176.3,133407.19,Klient_228,Produkt_034,Skontaktuj się z klientem pilnie
179,67,7,136.3,91.6,2025-04-20,255,1.8708730741012471,overdue,overdue,0.3279530447542187,0.875,0.12912692589875285,44.2,8.7,9.0,334.88,3053.88,3013.92,133215.26400000002,Klient_179,Produkt_067,Skontaktuj się z klientem pilnie
266,139,10,109.3,69.5,2025-09-15,107,0.9789569990850869,due_soon,due_soon,0.3641354071363221,1.0,0.9789569990850869,70.9,10.0,10.0,187.15,1813.25,1871.5,132689.35,Klient_266,Produkt_139,Przygotuj ofertę ponownego zakupu
21,80,6,155.4,116.0,2025-04-24,251,1.6151866151866152,overdue,overdue,0.25353925353925355,0.75,0.3848133848133848,43.5,8.0,7.5,406.68,2888.32,3050.1,132679.35,Klient_021,Produkt_080,Skontaktuj się z klientem pilnie
126,76,15,69.0,55.0,2025-10-29,63,0.9130434782608695,due_soon,due_soon,0.2028985507246377,1.0,0.9130434782608695,62.0,9.8,11.0,193.98,2078.01,2133.78,132294.36000000002,Klient_126,Produkt_076,Przygotuj ofertę ponownego zakupu
22,24,8,97.7,74.0,2025-06-20,194,1.9856704196519959,overdue,overdue,0.24257932446264074,1.0,0.014329580348004134,41.3,9.2,7.5,424.5,3229.6,3183.75,131488.875,Klient_022,Produkt_024,Skontaktuj się z klientem pilnie
174,70,16,65.3,33.8,2025-10-25,67,1.0260336906584993,due_soon,due_soon,0.4823889739663093,1.0,0.9739663093415007,76.1,8.4,7.0,245.1,1753.74,1715.7,130564.76999999999,Klient_174,Produkt_070,Przygotuj ofertę ponownego zakupu
100,125,14,76.8,54.3,2025-10-05,87,1.1328125,due_soon,due_soon,0.29296875,1.0,0.8671875,64.9,10.3,11.0,182.62,1958.74,2008.82,130372.418,Klient_100,Produkt_125,Przygotuj ofertę ponownego zakupu
88,68,3,278.0,226.3,2024-09-13,474,1.7050359712230216,overdue,overdue,0.18597122302158264,0.375,0.29496402877697836,27.0,10.7,10.0,481.65,4721.8,4816.5,130045.5,Klient_088,Produkt_068,Skontaktuj się z klientem pilnie
49,126,4,162.3,126.6,2025-03-15,291,1.7929759704251385,overdue,overdue,0.21996303142329032,0.5,0.20702402957486155,30.1,10.2,9.5,452.73,4253.65,4300.94,129458.294,Klient_049,Produkt_126,Skontaktuj się z klientem pilnie
113,12,7,152.7,105.0,2025-07-25,159,1.0412573673870336,due_soon,due_soon,0.31237721021611,0.875,0.9587426326129664,64.3,12.3,15.0,133.38,2001.3,2000.7,128645.01,Klient_113,Produkt_012,Przygotuj ofertę ponownego zakupu
141,21,8,132.6,64.5,2025-08-07,146,1.10105580693816,due_soon,due_soon,0.5135746606334841,1.0,0.89894419306184,75.6,9.1,8.5,199.25,1692.12,1693.62,128037.67199999998,Klient_141,Produkt_021,Przygotuj ofertę ponownego zakupu
274,10,10,104.8,69.1,2025-08-14,139,1.3263358778625955,overdue,overdue,0.34064885496183206,1.0,0.6736641221374045,62.2,10.5,11.0,186.7,1981.48,2053.7,127740.14,Klient_274,Produkt_010,Skontaktuj się z klientem pilnie
41,53,18,53.6,36.0,2025-10-03,89,1.6604477611940298,overdue,overdue,0.32835820895522394,1.0,0.3395522388059702,53.3,9.3,10.0,239.38,2431.95,2393.8,127589.54000000001,Klient_041,Produkt_053,Skontaktuj się z klientem pilnie
23,79,19,55.0,46.8,2025-10-31,61,1.1090909090909091,due_soon,due_soon,0.14909090909090916,1.0,0.8909090909090909,59.0,11.7,12.0,179.31,2083.32,2151.72,126951.47999999998,Klient_023,Produkt_079,Przygotuj ofertę ponownego zakupu
214,130,7,128.5,112.2,2025-05-24,221,1.7198443579766538,overdue,overdue,0.12684824902723735,0.875,0.2801556420233462,39.0,12.6,14.0,229.81,3410.68,3217.34,125476.26000000001,Klient_214,Produkt_130,Skontaktuj się z klientem pilnie
59,92,9,115.0,117.6,2025-08-22,131,1.1391304347826088,due_soon,due_soon,0.0,1.0,0.8608695652173912,51.5,7.3,7.0,345.8,2387.49,2420.6,124660.9,Klient_059,Produkt_092,Przygotuj ofertę ponownego zakupu
214,79,11,88.3,41.4,2025-08-08,145,1.6421291053227633,overdue,overdue,0.5311438278595697,1.0,0.35787089467723665,62.8,10.3,11.0,180.03,1927.8,1980.33,124364.72399999999,Klient_214,Produkt_079,Skontaktuj się z klientem pilnie
181,144,12,79.0,74.1,2025-08-05,148,1.8734177215189873,overdue,overdue,0.06202531645569631,1.0,0.12658227848101267,36.0,9.4,7.5,460.32,3493.58,3452.4,124286.40000000001,Klient_181,Produkt_144,Skontaktuj się z klientem pilnie
141,101,11,78.5,37.3,2025-08-07,146,1.8598726114649682,overdue,overdue,0.5248407643312103,1.0,0.14012738853503182,57.1,14.5,15.0,144.58,2159.36,2168.7,123832.76999999999,Klient_141,Produkt_101,Skontaktuj się z klientem pilnie
51,118,7,128.2,57.9,2025-05-20,225,1.7550702028081124,overdue,overdue,0.5483619344773791,0.875,0.24492979719188757,57.0,9.3,8.0,270.62,2010.0,2164.96,123402.72,Klient_051,Produkt_118,Skontaktuj się z klientem pilnie
69,117,5,141.8,91.0,2025-04-07,268,1.8899858956276445,overdue,overdue,0.35825105782792666,0.625,0.11001410437235548,37.6,8.4,7.0,466.4,3387.16,3264.8,122756.48000000001,Klient_069,Produkt_117,Skontaktuj się z klientem pilnie
136,104,21,50.4,33.4,2025-11-08,53,1.0515873015873016,due_soon,due_soon,0.3373015873015873,1.0,0.9484126984126984,68.9,9.3,9.0,197.13,1679.49,1774.17,122240.31300000001,Klient_136,Produkt_104,Przygotuj ofertę ponownego zakupu
193,59,8,95.4,80.8,2025-07-02,182,1.9077568134171907,overdue,overdue,0.15303983228511542,1.0,0.09224318658280928,39.2,11.0,12.0,259.27,3154.22,3111.24,121960.60800000001,Klient_193,Produkt_059,Skontaktuj się z klientem pilnie
135,118,6,124.2,107.8,2025-08-14,139,1.1191626409017714,due_soon,due_soon,0.13204508856682773,0.75,0.8808373590982286,50.5,9.2,9.0,268.06,2342.52,2412.54,121833.27,Klient_135,Produkt_118,Przygotuj ofertę ponownego zakupu
39,109,10,106.4,52.2,2025-08-19,134,1.2593984962406015,overdue,overdue,0.5093984962406015,1.0,0.7406015037593985,71.4,9.1,9.0,188.16,1716.26,1693.44,120911.61600000001,Klient_039,Produkt_109,Skontaktuj się z klientem pilnie
139,125,14,76.2,95.4,2025-10-16,76,0.9973753280839894,due_soon,due_soon,0.0,1.0,0.9973753280839894,54.9,10.5,12.0,181.4,2139.78,2176.8,119506.32,Klient_139,Produkt_125,Przygotuj ofertę ponownego zakupu
260,8,6,131.6,134.5,2025-04-20,255,1.9376899696048633,overdue,overdue,0.0,0.75,0.06231003039513672,24.1,11.7,11.5,430.49,4799.08,4950.64,119310.42400000001,Klient_260,Produkt_008,Skontaktuj się z klientem pilnie
109,76,9,118.9,81.4,2025-08-14,139,1.169049621530698,due_soon,due_soon,0.3153910849453322,1.0,0.830950378469302,65.0,9.6,9.0,202.09,1775.25,1818.81,118222.65,Klient_109,Produkt_076,Przygotuj ofertę ponownego zakupu
223,4,13,80.8,63.0,2025-09-16,106,1.311881188118812,overdue,overdue,0.22029702970297027,1.0,0.6881188118811881,57.1,9.0,6.0,344.68,2189.28,2068.08,118087.368,Klient_223,Produkt_004,Skontaktuj się z klientem pilnie
118,84,8,129.6,87.6,2025-07-17,167,1.2885802469135803,overdue,overdue,0.32407407407407407,1.0,0.7114197530864197,62.4,8.2,6.5,288.39,1751.5,1874.54,116971.296,Klient_118,Produkt_084,Skontaktuj się z klientem pilnie
265,67,6,154.4,109.8,2025-03-12,294,1.9041450777202071,overdue,overdue,0.28886010362694303,0.75,0.09585492227979286,37.9,10.7,9.0,342.29,3162.06,3080.61,116755.119,Klient_265,Produkt_067,Skontaktuj się z klientem pilnie
214,117,9,111.2,115.0,2025-07-20,164,1.474820143884892,overdue,overdue,0.0,1.0,0.525179856115108,43.1,7.9,6.0,451.25,2852.88,2707.5,116693.25,Klient_214,Produkt_117,Skontaktuj się z klientem pilnie
258,100,8,96.3,65.3,2025-08-15,138,1.4330218068535825,overdue,overdue,0.32191069574247144,1.0,0.5669781931464175,58.7,9.2,8.0,247.77,1962.22,1982.16,116352.79200000002,Klient_258,Produkt_100,Skontaktuj się z klientem pilnie
80,100,7,141.5,76.6,2025-06-14,200,1.4134275618374559,overdue,overdue,0.4586572438162545,0.875,0.5865724381625441,61.6,10.9,8.0,235.26,2062.32,1882.08,115936.128,Klient_080,Produkt_100,Skontaktuj się z klientem pilnie
121,87,9,109.9,90.5,2025-06-05,209,1.9017288444040035,overdue,overdue,0.17652411282984537,1.0,0.09827115559599653,40.4,9.0,7.0,404.93,2822.26,2834.51,114514.204,Klient_121,Produkt_087,Skontaktuj się z klientem pilnie
179,96,8,120.7,35.5,2025-08-13,140,1.15990057995029,due_soon,due_soon,0.7058823529411764,1.0,0.84009942004971,82.8,12.9,11.5,120.26,1319.9,1382.99,114511.572,Klient_179,Produkt_096,Przygotuj ofertę ponownego zakupu
158,41,6,152.2,112.4,2025-05-14,231,1.5177398160315376,overdue,overdue,0.2614980289093297,0.75,0.4822601839684624,46.3,8.3,5.5,448.43,2523.43,2466.37,114192.93099999998,Klient_158,Produkt_041,Skontaktuj się z klientem pilnie
84,74,11,99.6,85.4,2025-09-29,93,0.9337349397590362,due_soon,due_soon,0.14257028112449788,1.0,0.9337349397590362,59.8,8.9,8.0,237.93,1868.72,1903.44,113825.712,Klient_084,Produkt_074,Przygotuj ofertę ponownego zakupu
115,10,6,155.8,81.6,2025-04-19,256,1.643132220795892,overdue,overdue,0.47625160462130944,0.75,0.35686777920410795,52.9,10.7,12.0,177.75,2121.76,2133.0,112835.7,Klient_115,Produkt_010,Skontaktuj się z klientem pilnie
206,60,24,45.0,25.7,2025-11-12,49,1.0888888888888888,due_soon,due_soon,0.4288888888888889,1.0,0.9111111111111112,72.1,9.5,9.5,163.9,1613.03,1557.05,112263.305,Klient_206,Produkt_060,Przygotuj ofertę ponownego zakupu
299,73,4,243.0,119.0,2025-05-03,242,0.9958847736625515,due_soon,due_soon,0.5102880658436214,0.5,0.9958847736625515,62.9,9.5,9.0,198.24,1815.8,1784.16,112223.664,Klient_299,Produkt_073,Przygotuj ofertę ponownego zakupu
237,73,10,104.6,86.8,2025-09-22,100,0.9560229445506693,due_soon,due_soon,0.17017208413001905,1.0,0.9560229445506693,61.6,10.4,9.0,201.86,1896.07,1816.74,111911.18400000001,Klient_237,Produkt_073,Przygotuj ofertę ponownego zakupu
271,9,6,162.8,76.8,2025-05-13,232,1.4250614250614249,overdue,overdue,0.5282555282555284,0.75,0.5749385749385751,60.6,9.8,9.0,204.41,1799.24,1839.69,111485.214,Klient_271,Produkt_009,Skontaktuj się z klientem pilnie
254,134,18,55.3,41.1,2025-10-02,90,1.62748643761302,overdue,overdue,0.25678119349005424,1.0,0.37251356238697997,50.9,9.2,9.0,242.03,2171.17,2178.27,110873.943,Klient_254,Produkt_134,Skontaktuj się z klientem pilnie
272,119,5,158.2,137.1,2025-04-14,261,1.649810366624526,overdue,overdue,0.13337547408343864,0.625,0.35018963337547393,33.5,10.6,12.0,275.63,3295.08,3307.56,110803.26,Klient_272,Produkt_119,Skontaktuj się z klientem pilnie
73,138,21,51.0,38.8,2025-10-30,62,1.2156862745098038,overdue,overdue,0.23921568627450984,1.0,0.7843137254901962,60.4,8.1,9.0,203.26,1778.22,1829.34,110492.136,Klient_073,Produkt_138,Skontaktuj się z klientem pilnie
93,19,6,165.0,77.9,2025-04-26,249,1.509090909090909,overdue,overdue,0.5278787878787878,0.75,0.49090909090909096,58.5,14.0,13.5,139.84,1909.58,1887.84,110438.64,Klient_093,Produkt_019,Skontaktuj się z klientem pilnie
68,99,5,210.0,158.9,2025-04-30,245,1.1666666666666667,due_soon,due_soon,0.2433333333333333,0.625,0.8333333333333333,50.5,8.6,7.0,311.89,2125.06,2183.23,110253.115,Klient_068,Produkt_099,Przygotuj ofertę ponownego zakupu
75,132,3,364.5,478.7,2025-01-25,340,0.9327846364883402,due_soon,due_soon,0.0,0.375,0.9327846364883402,34.6,11.7,11.0,285.47,3139.95,3140.17,108649.88200000001,Klient_075,Produkt_132,Przygotuj ofertę ponownego zakupu
48,19,4,192.7,133.9,2025-05-21,224,1.1624286455630515,due_soon,due_soon,0.3051375194603009,0.5,0.8375713544369485,49.7,16.0,16.0,135.41,2249.88,2166.56,107678.032,Klient_048,Produkt_019,Przygotuj ofertę ponownego zakupu
125,137,25,42.5,18.2,2025-10-31,61,1.4352941176470588,overdue,overdue,0.571764705882353,1.0,0.5647058823529412,69.8,9.0,7.0,220.03,1531.88,1540.21,107506.658,Klient_125,Produkt_137,Skontaktuj się z klientem pilnie
92,37,13,81.3,36.2,2025-09-08,114,1.4022140221402215,overdue,overdue,0.5547355473554735,1.0,0.5977859778597785,69.9,7.8,7.0,219.59,1531.39,1537.13,107445.38700000002,Klient_092,Produkt_037,Skontaktuj się z klientem pilnie
201,119,4,211.0,31.8,2025-05-26,219,1.037914691943128,due_soon,due_soon,0.8492890995260663,0.5,0.9620853080568721,77.3,6.8,5.0,277.98,1414.39,1389.9,107439.27,Klient_201,Produkt_119,Przygotuj ofertę ponownego zakupu
245,81,13,82.7,50.1,2025-10-08,84,1.0157194679564692,due_soon,due_soon,0.3941958887545345,1.0,0.9842805320435308,72.3,11.5,14.0,106.13,1416.8,1485.82,107424.786,Klient_245,Produkt_081,Przygotuj ofertę ponownego zakupu
83,30,5,154.2,185.4,2025-05-24,221,1.4332036316472114,overdue,overdue,0.0,0.625,0.5667963683527886,32.9,9.8,10.0,326.28,3448.6,3262.8,107346.12,Klient_083,Produkt_030,Skontaktuj się z klientem pilnie
148,10,7,121.3,65.0,2025-09-10,112,0.9233305853256389,due_soon,due_soon,0.46413849958779885,0.875,0.9233305853256389,70.2,9.1,8.0,190.13,1544.48,1521.04,106777.008,Klient_148,Produkt_010,Przygotuj ofertę ponownego zakupu
248,53,10,100.2,71.0,2025-07-03,181,1.8063872255489022,overdue,overdue,0.2914171656686627,1.0,0.1936127744510978,48.0,9.8,9.0,245.52,2191.03,2209.68,106064.63999999998,Klient_248,Produkt_053,Skontaktuj się z klientem pilnie
149,3,12,85.7,86.5,2025-10-07,85,0.9918319719953326,due_soon,due_soon,0.0,1.0,0.9918319719953326,54.8,13.2,14.0,135.54,1869.84,1897.56,103986.28799999999,Klient_149,Produkt_003,Przygotuj ofertę ponownego zakupu
14,92,9,95.4,78.0,2025-08-06,147,1.540880503144654,overdue,overdue,0.1823899371069183,1.0,0.45911949685534603,49.7,6.4,6.0,346.84,2076.84,2081.04,103427.68800000001,Klient_014,Produkt_092,Skontaktuj się z klientem pilnie
181,60,9,112.0,102.0,2025-07-06,178,1.5892857142857142,overdue,overdue,0.0892857142857143,1.0,0.4107142857142858,44.3,10.8,14.0,166.49,2453.28,2330.86,103257.098,Klient_181,Produkt_060,Skontaktuj się z klientem pilnie
250,74,6,181.0,89.4,2025-07-08,176,0.9723756906077348,due_soon,due_soon,0.5060773480662983,0.75,0.9723756906077348,69.6,7.5,6.0,246.96,1494.94,1481.76,103130.49599999998,Klient_250,Produkt_074,Przygotuj ofertę ponownego zakupu
112,60,14,74.6,45.7,2025-09-22,100,1.3404825737265416,overdue,overdue,0.38739946380697043,1.0,0.6595174262734584,63.9,8.9,9.5,169.27,1623.35,1608.06,102755.034,Klient_112,Produkt_060,Skontaktuj się z klientem pilnie
191,3,15,67.8,50.6,2025-10-31,61,0.8997050147492626,due_soon,due_soon,0.2536873156342182,1.0,0.8997050147492626,63.9,9.9,12.0,132.63,1596.96,1591.56,101700.684,Klient_191,Produkt_003,Przygotuj ofertę ponownego zakupu
40,101,26,41.3,21.7,2025-11-22,39,0.9443099273607749,due_soon,due_soon,0.47457627118644063,1.0,0.9443099273607749,75.0,9.5,9.5,142.3,1381.39,1351.85,101388.75,Klient_040,Produkt_101,Przygotuj ofertę ponownego zakupu
223,105,16,64.6,41.0,2025-09-16,106,1.6408668730650156,overdue,overdue,0.3653250773993808,1.0,0.35913312693498445,55.4,8.8,7.0,260.8,1942.85,1825.6,101138.23999999999,Klient_223,Produkt_105,Skontaktuj się z klientem pilnie
243,53,10,101.7,94.5,2025-10-02,90,0.8849557522123893,due_soon,due_soon,0.07079646017699115,1.0,0.8849557522123893,55.3,8.1,7.5,243.66,1766.62,1827.45,101057.985,Klient_243,Produkt_053,Przygotuj ofertę ponownego zakupu
156,125,13,78.1,55.4,2025-09-27,95,1.2163892445582587,overdue,overdue,0.29065300896286805,1.0,0.7836107554417413,62.7,9.3,9.0,179.05,1742.4,1611.45,101037.91500000001,Klient_156,Produkt_125,Skontaktuj się z klientem pilnie
83,135,6,173.6,145.7,2025-06-24,190,1.0944700460829493,due_soon,due_soon,0.1607142857142857,0.75,0.9055299539170507,52.4,9.0,7.0,272.62,1878.42,1908.34,99997.01599999999,Klient_083,Produkt_135,Przygotuj ofertę ponownego zakupu
103,92,5,137.5,152.8,2025-05-09,236,1.7163636363636363,overdue,overdue,0.0,0.625,0.2836363636363637,25.8,10.4,11.0,348.7,3903.68,3835.7,98961.06,Klient_103,Produkt_092,Skontaktuj się z klientem pilnie
52,6,5,134.8,84.8,2025-06-27,187,1.387240356083086,overdue,overdue,0.370919881305638,0.625,0.6127596439169141,50.8,7.8,5.0,388.13,1771.1,1940.65,98585.02,Klient_052,Produkt_006,Skontaktuj się z klientem pilnie
112,123,13,78.2,51.6,2025-09-22,100,1.278772378516624,overdue,overdue,0.34015345268542196,1.0,0.7212276214833759,63.3,10.1,12.0,129.75,1584.7,1557.0,98558.09999999999,Klient_112,Produkt_123,Skontaktuj się z klientem pilnie
271,79,9,115.0,125.1,2025-08-27,126,1.0956521739130434,due_soon,due_soon,0.0,1.0,0.9043478260869566,52.6,9.7,10.0,186.0,1758.9,1860.0,97836.0,Klient_271,Produkt_079,Przygotuj ofertę ponownego zakupu
283,33,5,174.5,112.5,2025-04-29,246,1.4097421203438396,overdue,overdue,0.3553008595988538,0.625,0.5902578796561604,49.5,13.8,17.0,116.09,1836.34,1973.53,97689.735,Klient_283,Produkt_033,Skontaktuj się z klientem pilnie
48,79,4,247.3,129.1,2025-03-17,289,1.1686211079660331,due_soon,due_soon,0.47796198948645374,0.5,0.8313788920339669,57.3,11.2,9.5,178.66,1672.04,1697.27,97253.571,Klient_048,Produkt_079,Przygotuj ofertę ponownego zakupu
216,33,23,45.4,22.1,2025-11-19,42,0.9251101321585904,due_soon,due_soon,0.5132158590308369,1.0,0.9251101321585904,76.2,10.2,11.0,115.99,1244.9,1275.89,97222.81800000001,Klient_216,Produkt_033,Przygotuj ofertę ponownego zakupu
299,26,4,243.0,159.9,2025-05-03,242,0.9958847736625515,due_soon,due_soon,0.34197530864197534,0.5,0.9958847736625515,55.3,4.8,4.5,390.12,1704.94,1755.54,97081.362,Klient_299,Produkt_026,Przygotuj ofertę ponownego zakupu
244,74,6,160.0,137.6,2025-05-30,215,1.34375,overdue,overdue,0.14,0.75,0.65625,45.2,9.7,9.0,238.47,2099.71,2146.23,97009.596,Klient_244,Produkt_074,Skontaktuj się z klientem pilnie
14,125,9,118.2,103.5,2025-08-06,147,1.2436548223350254,overdue,overdue,0.12436548223350252,1.0,0.7563451776649746,54.5,9.4,10.0,177.5,1828.4,1775.0,96737.5,Klient_014,Produkt_125,Skontaktuj się z klientem pilnie
294,41,11,93.6,67.4,2025-08-08,145,1.5491452991452992,overdue,overdue,0.2799145299145298,1.0,0.4508547008547008,53.9,7.3,4.0,447.92,1885.12,1791.68,96571.552,Klient_294,Produkt_041,Skontaktuj się z klientem pilnie
106,53,6,179.8,190.5,2025-07-19,165,0.9176863181312569,due_soon,due_soon,0.0,0.75,0.9176863181312569,45.4,8.7,8.5,249.15,2117.12,2117.78,96147.212,Klient_106,Produkt_053,Przygotuj ofertę ponownego zakupu
220,73,4,148.0,99.5,2025-04-15,260,1.7567567567567568,overdue,overdue,0.32770270270270274,0.5,0.2432432432432432,35.8,11.5,13.0,204.11,2682.81,2653.43,94992.79399999998,Klient_220,Produkt_073,Skontaktuj się z klientem pilnie
137,72,9,113.8,59.9,2025-09-14,108,0.9490333919156415,due_soon,due_soon,0.4736379613356766,1.0,0.9490333919156415,75.0,11.7,13.0,97.37,1242.8,1265.81,94935.75,Klient_137,Produkt_072,Przygotuj ofertę ponownego zakupu
217,40,10,84.0,60.3,2025-07-26,158,1.880952380952381,overdue,overdue,0.28214285714285714,1.0,0.11904761904761907,45.7,7.6,4.5,458.97,2113.53,2065.37,94387.409,Klient_217,Produkt_040,Skontaktuj się z klientem pilnie
89,21,5,172.5,86.6,2025-01-28,337,1.953623188405797,overdue,overdue,0.4979710144927536,0.625,0.04637681159420293,42.3,11.4,11.0,202.85,2326.5,2231.35,94386.105,Klient_089,Produkt_021,Skontaktuj się z klientem pilnie
90,52,3,273.0,284.3,2024-09-13,474,1.7362637362637363,overdue,overdue,0.0,0.375,0.2637362637362637,17.8,12.0,11.0,480.19,5180.34,5282.09,94021.202,Klient_090,Produkt_052,Skontaktuj się z klientem pilnie
86,16,12,79.7,60.2,2025-10-23,69,0.8657465495608532,due_soon,due_soon,0.2446675031367629,1.0,0.8657465495608532,62.7,7.9,7.0,213.53,1416.68,1494.71,93718.31700000001,Klient_086,Produkt_016,Przygotuj ofertę ponownego zakupu
64,98,10,98.6,65.3,2025-08-24,129,1.308316430020284,overdue,overdue,0.33772819472616633,1.0,0.6916835699797159,62.5,7.4,5.0,296.0,1463.64,1480.0,92500.0,Klient_064,Produkt_098,Skontaktuj się z klientem pilnie
158,19,4,223.3,192.7,2025-02-12,322,1.4420062695924765,overdue,overdue,0.13703537841468882,0.5,0.5579937304075235,35.1,16.5,19.0,138.26,2475.04,2626.94,92205.59400000001,Klient_158,Produkt_019,Skontaktuj się z klientem pilnie
189,36,5,197.5,141.7,2025-05-09,236,1.1949367088607594,due_soon,due_soon,0.2825316455696203,0.625,0.8050632911392406,51.6,8.2,5.0,355.46,1745.55,1777.3,91708.68,Klient_189,Produkt_036,Przygotuj ofertę ponownego zakupu
91,37,14,72.8,53.8,2025-08-14,139,1.9093406593406594,overdue,overdue,0.26098901098901095,1.0,0.09065934065934056,44.0,9.9,9.5,218.51,2011.6,2075.84,91336.96,Klient_091,Produkt_037,Skontaktuj się z klientem pilnie
215,52,4,266.7,378.9,2025-03-23,283,1.0611173603299588,due_soon,due_soon,0.0,0.5,0.9388826396700412,38.5,6.0,5.0,474.38,2291.15,2371.9,91318.15000000001,Klient_215,Produkt_052,Przygotuj ofertę ponownego zakupu
214,85,7,100.8,120.5,2025-07-20,164,1.626984126984127,overdue,overdue,0.0,0.875,0.373015873015873,35.6,7.1,8.0,317.79,2650.88,2542.32,90506.592,Klient_214,Produkt_085,Skontaktuj się z klientem pilnie
121,3,13,75.4,41.0,2025-10-16,76,1.0079575596816976,due_soon,due_soon,0.45623342175066317,1.0,0.9920424403183024,75.3,8.2,9.0,133.4,1200.06,1200.6,90405.18,Klient_121,Produkt_003,Przygotuj ofertę ponownego zakupu
155,19,23,47.2,28.6,2025-11-12,49,1.0381355932203389,due_soon,due_soon,0.39406779661016955,1.0,0.9618644067796611,71.8,8.4,9.0,139.79,1262.88,1258.11,90332.298,Klient_155,Produkt_019,Przygotuj ofertę ponownego zakupu
59,19,8,126.3,84.3,2025-07-17,167,1.3222486144101346,overdue,overdue,0.332541567695962,1.0,0.6777513855898654,61.9,10.1,11.0,132.26,1447.57,1454.86,90055.83399999999,Klient_059,Produkt_019,Skontaktuj się z klientem pilnie
197,19,9,110.1,58.9,2025-06-28,186,1.6893732970027249,overdue,overdue,0.46503178928247046,1.0,0.31062670299727513,58.7,10.1,11.0,139.26,1542.31,1531.86,89920.182,Klient_197,Produkt_019,Skontaktuj się z klientem pilnie
156,10,7,146.8,93.7,2025-08-02,151,1.028610354223433,due_soon,due_soon,0.361716621253406,0.875,0.971389645776567,66.8,8.4,7.0,189.0,1394.26,1323.0,88376.4,Klient_156,Produkt_010,Przygotuj ofertę ponownego zakupu
288,60,7,128.7,58.3,2025-04-24,251,1.9502719502719505,overdue,overdue,0.5470085470085471,0.875,0.04972804972804945,52.1,10.3,10.0,169.23,1510.0,1692.3,88168.83,Klient_288,Produkt_060,Skontaktuj się z klientem pilnie
182,138,14,67.7,54.0,2025-08-23,130,1.9202363367799113,overdue,overdue,0.2023633677991138,1.0,0.07976366322008865,41.1,10.4,10.5,204.1,2221.06,2143.05,88079.35500000001,Klient_182,Produkt_138,Skontaktuj się z klientem pilnie
157,12,4,204.3,44.1,2024-11-18,408,1.9970631424375918,overdue,overdue,0.7841409691629956,0.5,0.002936857562408246,50.4,13.2,13.0,134.34,1769.13,1746.42,88019.568,Klient_157,Produkt_012,Skontaktuj się z klientem pilnie
146,44,18,58.1,54.4,2025-10-21,71,1.2220309810671257,overdue,overdue,0.0636833046471601,1.0,0.7779690189328743,52.3,7.9,5.0,332.52,1676.82,1662.6,86953.98,Klient_146,Produkt_044,Skontaktuj się z klientem pilnie
294,51,11,93.6,111.8,2025-08-08,145,1.5491452991452992,overdue,overdue,0.0,1.0,0.4508547008547008,41.3,9.5,9.0,233.82,2072.34,2104.38,86910.894,Klient_294,Produkt_051,Skontaktuj się z klientem pilnie
179,33,8,120.7,61.3,2025-08-13,140,1.15990057995029,due_soon,due_soon,0.49212924606462305,1.0,0.84009942004971,73.1,10.1,10.0,116.92,1196.26,1169.2,85468.51999999999,Klient_179,Produkt_033,Przygotuj ofertę ponownego zakupu
207,17,15,68.4,27.4,2025-11-02,59,0.8625730994152047,due_soon,due_soon,0.5994152046783626,1.0,0.8625730994152047,78.5,9.3,9.0,120.65,1055.43,1085.85,85239.22499999999,Klient_207,Produkt_017,Przygotuj ofertę ponownego zakupu
15,131,18,58.1,27.5,2025-10-01,91,1.5662650602409638,overdue,overdue,0.5266781411359724,1.0,0.4337349397590362,64.5,10.3,10.0,130.17,1291.26,1301.7,83959.65000000001,Klient_015,Produkt_131,Skontaktuj się z klientem pilnie
44,6,4,121.3,119.2,2025-06-19,195,1.6075845012366035,overdue,overdue,0.01731244847485569,0.5,0.39241549876339654,25.6,9.0,8.5,385.8,3388.59,3279.3,83950.08000000002,Klient_044,Produkt_006,Skontaktuj się z klientem pilnie
169,76,12,76.4,67.9,2025-08-23,130,1.7015706806282722,overdue,overdue,0.1112565445026178,1.0,0.2984293193717278,42.5,9.3,10.0,197.45,1966.4,1974.5,83916.25,Klient_169,Produkt_076,Skontaktuj się z klientem pilnie
165,34,8,121.7,84.3,2025-05-24,221,1.8159408381265407,overdue,overdue,0.30731306491372234,1.0,0.18405916187345928,48.4,6.9,5.5,313.68,1736.32,1725.24,83501.616,Klient_165,Produkt_034,Skontaktuj się z klientem pilnie
172,38,22,45.2,24.0,2025-11-04,57,1.2610619469026547,overdue,overdue,0.46902654867256643,1.0,0.7389380530973453,69.6,11.5,13.0,92.18,1158.1,1198.34,83404.46399999999,Klient_172,Produkt_038,Skontaktuj się z klientem pilnie
257,101,16,64.9,38.7,2025-09-05,117,1.8027734976887517,overdue,overdue,0.40369799691833586,1.0,0.19722650231124828,53.1,10.6,11.0,141.86,1594.02,1560.46,82860.426,Klient_257,Produkt_101,Skontaktuj się z klientem pilnie
91,60,14,75.4,67.9,2025-09-16,106,1.4058355437665782,overdue,overdue,0.09946949602122013,1.0,0.5941644562334218,49.3,10.7,10.0,165.07,1675.12,1650.7,81379.51,Klient_091,Produkt_060,Skontaktuj się z klientem pilnie
192,90,3,311.0,93.3,2025-02-02,332,1.067524115755627,due_soon,due_soon,0.7,0.375,0.932475884244373,66.1,10.0,13.0,94.36,1272.05,1226.68,81083.548,Klient_192,Produkt_090,Przygotuj ofertę ponownego zakupu
88,94,5,174.2,39.2,2025-04-25,250,1.4351320321469576,overdue,overdue,0.774971297359357,0.625,0.5648679678530424,67.7,12.4,13.0,87.6,1153.36,1138.8,77096.76,Klient_088,Produkt_094,Skontaktuj się z klientem pilnie
22,12,7,136.0,125.2,2025-06-20,194,1.4264705882352942,overdue,overdue,0.07941176470588229,0.875,0.5735294117647058,44.2,12.0,13.0,133.88,1777.75,1740.44,76927.448,Klient_022,Produkt_012,Skontaktuj się z klientem pilnie
68,94,5,196.2,135.1,2025-06-23,191,0.9734964322120286,due_soon,due_soon,0.3114169215086646,0.625,0.9734964322120286,57.1,14.0,16.0,84.13,1284.64,1346.08,76861.16799999999,Klient_068,Produkt_094,Przygotuj ofertę ponownego zakupu
281,108,5,164.8,156.7,2025-07-16,168,1.0194174757281553,due_soon,due_soon,0.049150485436893376,0.625,0.9805825242718447,45.5,8.8,6.0,281.31,1787.04,1687.86,76797.62999999999,Klient_281,Produkt_108,Przygotuj ofertę ponownego zakupu
42,69,4,241.3,250.4,2025-04-26,249,1.0319104848736014,due_soon,due_soon,0.0,0.5,0.9680895151263986,39.2,6.8,6.5,299.65,1900.88,1947.72,76350.62400000001,Klient_042,Produkt_069,Przygotuj ofertę ponownego zakupu
283,12,8,105.1,73.6,2025-09-05,117,1.1132254995242628,due_soon,due_soon,0.2997145575642246,1.0,0.8867745004757372,65.7,9.1,8.5,136.16,1198.78,1157.36,76038.552,Klient_283,Produkt_012,Przygotuj ofertę ponownego zakupu
82,82,5,195.0,131.5,2025-04-28,247,1.2666666666666666,overdue,overdue,0.3256410256410256,0.625,0.7333333333333334,51.7,8.8,8.0,183.67,1483.6,1469.36,75965.912,Klient_082,Produkt_082,Skontaktuj się z klientem pilnie
265,10,9,118.4,78.6,2025-09-03,119,1.0050675675675675,due_soon,due_soon,0.3361486486486487,1.0,0.9949324324324325,70.0,9.2,6.0,180.52,1144.56,1083.12,75818.4,Klient_265,Produkt_010,Przygotuj ofertę ponownego zakupu
147,139,4,135.7,84.9,2025-04-21,254,1.8717759764185706,overdue,overdue,0.37435519528371397,0.5,0.12822402358142937,35.1,11.8,11.0,193.42,2191.92,2127.62,74679.462,Klient_147,Produkt_139,Skontaktuj się z klientem pilnie
65,124,11,81.4,61.3,2025-08-06,147,1.8058968058968057,overdue,overdue,0.246928746928747,1.0,0.19410319410319432,46.0,12.0,12.0,134.81,1649.28,1617.72,74415.12,Klient_065,Produkt_124,Skontaktuj się z klientem pilnie
286,33,11,80.8,62.0,2025-09-03,119,1.4727722772277227,overdue,overdue,0.23267326732673266,1.0,0.5272277227722773,53.7,9.7,12.0,115.35,1426.8,1384.2,74331.54000000001,Klient_286,Produkt_033,Skontaktuj się z klientem pilnie
37,3,14,77.7,70.6,2025-10-10,82,1.0553410553410554,due_soon,due_soon,0.09137709137709149,1.0,0.9446589446589446,57.7,9.8,9.5,135.58,1315.98,1288.01,74318.177,Klient_037,Produkt_003,Przygotuj ofertę ponownego zakupu
93,104,6,152.6,95.2,2025-04-26,249,1.6317169069462647,overdue,overdue,0.37614678899082565,0.75,0.3682830930537353,48.6,7.8,7.5,203.77,1514.62,1528.28,74274.408,Klient_093,Produkt_104,Skontaktuj się z klientem pilnie
227,96,11,89.7,73.0,2025-08-07,146,1.6276477146042363,overdue,overdue,0.18617614269788185,1.0,0.3723522853957637,47.7,12.6,13.0,118.65,1605.66,1542.45,73574.865,Klient_227,Produkt_096,Skontaktuj się z klientem pilnie
95,125,5,150.0,126.7,2025-06-15,199,1.3266666666666667,overdue,overdue,0.15533333333333332,0.625,0.6733333333333333,42.6,7.8,9.0,191.19,1716.93,1720.71,73302.246,Klient_095,Produkt_125,Skontaktuj się z klientem pilnie
46,104,5,169.5,167.4,2025-02-20,314,1.8525073746312684,overdue,overdue,0.012389380530973382,0.625,0.14749262536873164,23.0,11.2,16.0,198.48,3037.92,3175.68,73040.64,Klient_046,Produkt_104,Skontaktuj się z klientem pilnie
71,99,4,224.7,266.2,2024-12-02,394,1.7534490431686693,overdue,overdue,0.0,0.5,0.24655095683133066,21.2,10.8,11.0,310.18,3319.61,3411.98,72333.976,Klient_071,Produkt_099,Skontaktuj się z klientem pilnie
208,123,10,105.0,48.1,2025-08-24,129,1.2285714285714286,overdue,overdue,0.5419047619047619,1.0,0.7714285714285714,73.7,8.8,7.5,128.9,943.17,966.75,71249.475,Klient_208,Produkt_123,Skontaktuj się z klientem pilnie
167,145,13,75.8,76.0,2025-10-27,65,0.8575197889182058,due_soon,due_soon,0.0,1.0,0.8575197889182058,51.4,6.7,5.0,276.73,1303.0,1383.65,71119.61,Klient_167,Produkt_145,Przygotuj ofertę ponownego zakupu
91,14,10,98.1,79.4,2025-08-14,139,1.416921508664628,overdue,overdue,0.19062181447502535,1.0,0.5830784913353719,53.2,11.7,12.0,111.2,1269.06,1334.4,70990.08,Klient_091,Produkt_014,Skontaktuj się z klientem pilnie
59,3,9,115.0,106.4,2025-07-17,167,1.4521739130434783,overdue,overdue,0.07478260869565212,1.0,0.5478260869565217,47.1,10.6,11.0,136.52,1384.57,1501.72,70731.012,Klient_059,Produkt_003,Skontaktuj się z klientem pilnie
202,90,15,69.0,42.6,2025-10-23,69,1.0,due_soon,due_soon,0.3826086956521739,1.0,1.0,72.2,10.7,10.0,97.0,1002.9,970.0,70034.0,Klient_202,Produkt_090,Przygotuj ofertę ponownego zakupu
192,107,3,292.5,67.2,2024-12-27,369,1.2615384615384615,overdue,overdue,0.7702564102564102,0.375,0.7384615384615385,64.4,14.0,12.0,90.06,1139.28,1080.72,69598.368,Klient_192,Produkt_107,Skontaktuj się z klientem pilnie
271,38,8,94.6,61.0,2025-07-30,154,1.627906976744186,overdue,overdue,0.35517970401691323,1.0,0.37209302325581395,55.3,10.5,13.5,92.94,1287.34,1254.69,69384.357,Klient_271,Produkt_038,Skontaktuj się z klientem pilnie
179,55,6,133.2,93.0,2025-04-20,255,1.9144144144144146,overdue,overdue,0.3018018018018017,0.75,0.08558558558558538,38.2,8.5,9.0,200.49,1694.24,1804.41,68928.46200000001,Klient_179,Produkt_055,Skontaktuj się z klientem pilnie
49,150,6,146.2,63.4,2025-04-26,249,1.7031463748290014,overdue,overdue,0.5663474692202461,0.75,0.29685362517099856,55.4,12.5,14.0,88.53,1227.29,1239.42,68663.868,Klient_049,Produkt_150,Skontaktuj się z klientem pilnie
269,89,16,65.1,31.9,2025-10-02,90,1.382488479262673,overdue,overdue,0.5099846390168971,1.0,0.617511520737327,68.4,9.9,11.5,86.66,975.5,996.59,68166.75600000001,Klient_269,Produkt_089,Skontaktuj się z klientem pilnie
267,107,5,170.0,114.1,2025-04-20,255,1.5,overdue,overdue,0.32882352941176474,0.625,0.5,46.0,12.8,16.0,92.58,1456.48,1481.28,68138.88,Klient_267,Produkt_107,Skontaktuj się z klientem pilnie
90,12,4,242.0,160.6,2025-03-12,294,1.2148760330578512,overdue,overdue,0.3363636363636364,0.5,0.7851239669421488,49.8,8.8,10.0,134.22,1362.89,1342.2,66841.56,Klient_090,Produkt_012,Skontaktuj się z klientem pilnie
196,89,21,50.2,31.8,2025-11-14,47,0.9362549800796812,due_soon,due_soon,0.3665338645418327,1.0,0.9362549800796812,69.9,11.1,11.0,86.24,1004.96,948.64,66309.936,Klient_196,Produkt_089,Przygotuj ofertę ponownego zakupu
246,64,7,148.3,145.0,2025-07-30,154,1.038435603506406,due_soon,due_soon,0.022252191503708718,0.875,0.961564396493594,51.3,11.0,15.0,85.9,1290.15,1288.5,66100.05,Klient_246,Produkt_064,Przygotuj ofertę ponownego zakupu
124,147,12,83.6,42.3,2025-08-21,132,1.5789473684210527,overdue,overdue,0.4940191387559809,1.0,0.42105263157894735,62.8,9.8,9.5,110.47,1062.23,1049.46,65906.088,Klient_124,Produkt_147,Skontaktuj się z klientem pilnie
243,84,5,198.5,180.8,2025-06-03,211,1.0629722921914357,due_soon,due_soon,0.08916876574307298,0.625,0.9370277078085643,46.2,5.0,5.0,285.0,1399.5,1425.0,65835.0,Klient_243,Produkt_084,Przygotuj ofertę ponownego zakupu
159,81,8,109.7,77.2,2025-08-27,126,1.1485870556061988,due_soon,due_soon,0.2962625341841385,1.0,0.8514129443938012,64.6,9.5,9.5,105.65,1030.74,1003.68,64837.72799999999,Klient_159,Produkt_081,Przygotuj ofertę ponownego zakupu
269,51,15,65.9,35.6,2025-09-06,116,1.7602427921092563,overdue,overdue,0.45978755690440065,1.0,0.23975720789074373,56.7,7.6,5.0,227.69,1206.0,1138.45,64550.115000000005,Klient_269,Produkt_051,Skontaktuj się z klientem pilnie
174,65,13,70.9,46.3,2025-10-25,67,0.9449929478138223,due_soon,due_soon,0.34696755994358264,1.0,0.9449929478138223,69.2,12.5,12.0,76.78,968.16,921.36,63758.112,Klient_174,Produkt_065,Przygotuj ofertę ponownego zakupu
246,90,11,98.2,70.2,2025-09-30,92,0.9368635437881874,due_soon,due_soon,0.285132382892057,1.0,0.9368635437881874,66.3,10.1,10.0,94.95,936.3,949.5,62951.85,Klient_246,Produkt_090,Przygotuj ofertę ponownego zakupu
95,3,6,138.8,95.9,2025-06-15,199,1.4337175792507204,overdue,overdue,0.30907780979827093,0.75,0.5662824207492796,50.6,8.5,9.0,136.93,1260.85,1232.37,62357.922,Klient_095,Produkt_003,Skontaktuj się z klientem pilnie
51,76,8,132.4,95.8,2025-07-23,161,1.216012084592145,overdue,overdue,0.27643504531722063,1.0,0.7839879154078551,62.0,6.1,5.0,200.22,1010.6,1001.1,62068.200000000004,Klient_051,Produkt_076,Skontaktuj się z klientem pilnie
118,90,8,127.0,99.0,2025-07-17,167,1.31496062992126,overdue,overdue,0.22047244094488194,1.0,0.68503937007874,57.0,12.0,11.5,94.55,1062.64,1087.32,61977.24,Klient_118,Produkt_090,Skontaktuj się z klientem pilnie
197,85,10,101.1,65.1,2025-07-27,157,1.5529179030662712,overdue,overdue,0.35608308605341243,1.0,0.4470820969337288,57.2,6.2,3.5,309.22,1015.5,1082.27,61905.844000000005,Klient_197,Produkt_085,Skontaktuj się z klientem pilnie
122,33,7,138.7,62.3,2025-08-19,134,0.9661139149242971,due_soon,due_soon,0.5508291276135544,0.875,0.9661139149242971,75.2,9.0,7.0,116.48,872.76,815.36,61315.072,Klient_122,Produkt_033,Przygotuj ofertę ponownego zakupu
158,89,8,120.1,47.4,2025-05-14,231,1.9233971690258118,overdue,overdue,0.6053288925895087,1.0,0.07660283097418819,59.2,11.8,12.0,85.74,1001.64,1028.88,60909.69600000001,Klient_158,Produkt_089,Skontaktuj się z klientem pilnie
118,78,11,88.9,80.8,2025-07-17,167,1.8785151856017996,overdue,overdue,0.09111361079865021,1.0,0.12148481439820036,37.1,11.5,14.0,116.7,1732.92,1633.8,60613.98,Klient_118,Produkt_078,Skontaktuj się z klientem pilnie
74,139,4,192.7,94.8,2025-05-15,230,1.1935651271406331,due_soon,due_soon,0.5080435910742086,0.5,0.8064348728593669,58.0,7.0,5.5,188.0,1032.08,1034.0,59972.0,Klient_074,Produkt_139,Przygotuj ofertę ponownego zakupu
20,90,14,68.8,50.7,2025-10-23,69,1.002906976744186,due_soon,due_soon,0.2630813953488371,1.0,0.997093023255814,66.8,11.0,9.5,94.49,949.6,897.66,59963.687999999995,Klient_020,Produkt_090,Przygotuj ofertę ponownego zakupu
244,96,10,106.8,124.0,2025-09-05,117,1.0955056179775282,due_soon,due_soon,0.0,1.0,0.9044943820224718,52.6,9.0,9.5,118.98,1136.8,1130.31,59454.306,Klient_244,Produkt_096,Przygotuj ofertę ponownego zakupu
180,72,15,65.6,40.3,2025-09-13,109,1.6615853658536588,overdue,overdue,0.385670731707317,1.0,0.3384146341463412,55.8,10.8,11.0,96.86,1086.6,1065.46,59452.668,Klient_180,Produkt_072,Skontaktuj się z klientem pilnie
228,89,25,42.5,17.4,2025-10-29,63,1.4823529411764707,overdue,overdue,0.5905882352941176,1.0,0.5176470588235293,69.5,9.8,10.0,85.52,870.0,855.2,59436.4,Klient_228,Produkt_089,Skontaktuj się z klientem pilnie
293,94,8,125.1,60.2,2025-09-12,110,0.8792965627498002,due_soon,due_soon,0.518784972022382,1.0,0.8792965627498002,75.3,10.5,9.0,87.41,816.98,786.69,59237.757000000005,Klient_293,Produkt_094,Przygotuj ofertę ponownego zakupu
12,30,16,62.2,59.9,2025-09-02,120,1.9292604501607715,overdue,overdue,0.036977491961414866,1.0,0.07073954983922848,33.4,8.1,5.5,322.28,1778.92,1772.54,59202.835999999996,Klient_012,Produkt_030,Skontaktuj się z klientem pilnie
154,65,5,198.8,102.2,2025-05-20,225,1.1317907444668007,due_soon,due_soon,0.4859154929577465,0.625,0.8682092555331993,62.3,10.6,12.0,79.13,910.92,949.56,59157.587999999996,Klient_154,Produkt_065,Przygotuj ofertę ponownego zakupu
293,55,9,104.4,69.2,2025-08-02,151,1.446360153256705,overdue,overdue,0.33716475095785436,1.0,0.553639846743295,59.0,5.4,5.0,199.28,921.65,996.4,58787.6,Klient_293,Produkt_055,Skontaktuj się z klientem pilnie
131,14,17,60.0,48.4,2025-09-13,109,1.8166666666666667,overdue,overdue,0.19333333333333336,1.0,0.18333333333333335,43.3,10.3,12.0,112.59,1393.6,1351.08,58501.763999999996,Klient_131,Produkt_014,Skontaktuj się z klientem pilnie
113,60,6,183.2,202.6,2025-07-25,159,0.8679039301310044,due_soon,due_soon,0.0,0.75,0.8679039301310044,44.2,10.0,8.0,165.37,1293.87,1322.96,58474.832,Klient_113,Produkt_060,Przygotuj ofertę ponownego zakupu
140,51,4,158.3,180.7,2025-04-27,248,1.5666456096020214,overdue,overdue,0.0,0.5,0.43335439039797863,25.8,9.8,9.5,237.26,2329.12,2253.97,58152.426,Klient_140,Produkt_051,Skontaktuj się z klientem pilnie
201,10,3,296.5,112.4,2024-11-01,425,1.433389544688027,overdue,overdue,0.6209106239460371,0.375,0.5666104553119731,53.4,8.7,6.0,178.35,1096.5,1070.1,57143.34,Klient_201,Produkt_010,Skontaktuj się z klientem pilnie
165,72,11,91.0,69.4,2025-07-21,163,1.7912087912087913,overdue,overdue,0.2373626373626373,1.0,0.20879120879120872,45.9,11.1,13.0,95.58,1292.46,1242.54,57032.585999999996,Klient_165,Produkt_072,Skontaktuj się z klientem pilnie
271,131,3,253.5,84.1,2024-09-01,486,1.9171597633136095,overdue,overdue,0.6682445759368836,0.375,0.08284023668639051,43.4,10.3,10.0,130.86,1362.9,1308.6,56793.23999999999,Klient_271,Produkt_131,Skontaktuj się z klientem pilnie
79,88,13,78.8,49.4,2025-10-17,75,0.9517766497461929,due_soon,due_soon,0.37309644670050757,1.0,0.9517766497461929,70.6,7.5,5.0,159.76,836.35,798.8,56395.27999999999,Klient_079,Produkt_088,Przygotuj ofertę ponownego zakupu
224,96,8,119.0,122.5,2025-08-19,134,1.1260504201680672,due_soon,due_soon,0.0,1.0,0.8739495798319328,51.8,8.6,9.0,120.11,1054.48,1080.99,55995.282,Klient_224,Produkt_096,Przygotuj ofertę ponownego zakupu
195,65,21,50.8,37.1,2025-10-26,66,1.299212598425197,overdue,overdue,0.2696850393700787,1.0,0.700787401574803,59.7,11.0,12.0,77.33,957.48,927.96,55399.21200000001,Klient_195,Produkt_065,Skontaktuj się z klientem pilnie
31,134,4,181.3,71.2,2025-03-01,305,1.6822945394373965,overdue,overdue,0.607280750137893,0.5,0.3177054605626035,50.3,4.5,4.5,243.48,1144.01,1095.66,55111.698000000004,Klient_031,Produkt_134,Skontaktuj się z klientem pilnie
119,33,4,230.3,185.5,2024-12-12,384,1.6673903603994789,overdue,overdue,0.19452887537993924,0.5,0.33260963960052115,32.1,13.5,14.0,122.5,1672.1,1715.0,55051.5,Klient_119,Produkt_033,Skontaktuj się z klientem pilnie
114,38,5,203.0,157.9,2025-05-15,230,1.1330049261083743,due_soon,due_soon,0.22216748768472905,0.625,0.8669950738916257,50.4,11.2,12.0,90.55,1088.16,1086.6,54764.63999999999,Klient_114,Produkt_038,Przygotuj ofertę ponownego zakupu
203,28,10,107.0,95.9,2025-09-01,121,1.1308411214953271,due_soon,due_soon,0.10373831775700926,1.0,0.8691588785046729,56.4,12.8,14.0,69.03,967.2,966.42,54506.087999999996,Klient_203,Produkt_028,Przygotuj ofertę ponownego zakupu
278,104,5,149.0,162.2,2025-04-30,245,1.6442953020134228,overdue,overdue,0.0,0.625,0.3557046979865772,27.6,11.4,10.0,196.31,1934.2,1963.1,54181.56,Klient_278,Produkt_104,Skontaktuj się z klientem pilnie
47,150,21,50.2,34.2,2025-10-17,75,1.4940239043824701,overdue,overdue,0.31872509960159356,1.0,0.5059760956175299,57.0,10.1,11.0,86.07,914.21,946.77,53965.89,Klient_047,Produkt_150,Skontaktuj się z klientem pilnie
146,88,11,81.6,85.6,2025-08-03,150,1.8382352941176472,overdue,overdue,0.0,1.0,0.1617647058823528,34.0,11.2,10.0,157.21,1563.3,1572.1,53451.399999999994,Klient_146,Produkt_088,Skontaktuj się z klientem pilnie
152,136,9,108.2,72.8,2025-07-04,180,1.6635859519408502,overdue,overdue,0.3271719038817006,1.0,0.33641404805914976,53.1,11.2,12.0,82.94,945.0,995.28,52849.368,Klient_152,Produkt_136,Skontaktuj się z klientem pilnie
285,123,3,239.5,84.1,2025-03-05,301,1.2567849686847599,overdue,overdue,0.6488517745302714,0.375,0.7432150313152401,59.0,9.0,7.0,125.14,879.83,875.98,51682.82,Klient_285,Produkt_123,Skontaktuj się z klientem pilnie
189,123,3,275.0,132.9,2024-09-11,476,1.730909090909091,overdue,overdue,0.5167272727272727,0.375,0.26909090909090905,41.2,12.0,9.0,137.36,1263.69,1236.24,50933.088,Klient_189,Produkt_123,Skontaktuj się z klientem pilnie
247,65,16,65.7,32.1,2025-10-30,62,0.943683409436834,due_soon,due_soon,0.5114155251141552,1.0,0.943683409436834,76.6,9.2,8.5,77.42,643.07,658.07,50408.162,Klient_247,Produkt_065,Przygotuj ofertę ponownego zakupu
14,2,10,99.7,50.8,2025-07-13,171,1.7151454363089267,overdue,overdue,0.4904714142427282,1.0,0.2848545636910733,59.2,10.6,10.5,79.16,826.44,831.18,49205.856,Klient_014,Produkt_002,Skontaktuj się z klientem pilnie
155,113,21,52.0,31.8,2025-11-12,49,0.9423076923076923,due_soon,due_soon,0.3884615384615384,1.0,0.9423076923076923,71.0,11.4,10.0,69.24,742.7,692.4,49160.4,Klient_155,Produkt_113,Przygotuj ofertę ponownego zakupu
265,122,8,125.4,39.6,2025-09-03,119,0.94896331738437,due_soon,due_soon,0.6842105263157895,1.0,0.94896331738437,84.5,13.1,15.5,37.33,589.0,578.62,48893.39,Klient_265,Produkt_122,Przygotuj ofertę ponownego zakupu
278,131,5,179.2,118.4,2025-03-06,300,1.674107142857143,overdue,overdue,0.3392857142857142,0.625,0.325892857142857,42.2,9.2,9.0,127.78,1156.68,1150.02,48530.844000000005,Klient_278,Produkt_131,Skontaktuj się z klientem pilnie
114,109,3,316.5,351.4,2024-11-17,409,1.2922590837282781,overdue,overdue,0.0,0.375,0.7077409162717219,28.9,8.0,9.0,184.65,1672.11,1661.85,48027.465,Klient_114,Produkt_109,Skontaktuj się z klientem pilnie
90,75,3,327.0,207.9,2025-03-12,294,0.8990825688073395,due_soon,due_soon,0.3642201834862385,0.375,0.8990825688073395,50.1,7.3,6.0,158.0,955.68,948.0,47494.8,Klient_090,Produkt_075,Przygotuj ofertę ponownego zakupu
147,45,4,194.7,166.2,2025-04-21,254,1.3045711350796096,overdue,overdue,0.14637904468412943,0.5,0.6954288649203904,39.0,14.8,16.0,75.56,1218.64,1208.96,47149.44,Klient_147,Produkt_045,Skontaktuj się z klientem pilnie
290,90,5,192.8,137.3,2025-04-24,251,1.3018672199170123,overdue,overdue,0.28786307053941906,0.625,0.6981327800829877,49.2,11.8,10.0,94.45,949.9,944.5,46469.4,Klient_290,Produkt_090,Skontaktuj się z klientem pilnie
83,35,11,94.2,48.4,2025-10-11,81,0.8598726114649681,due_soon,due_soon,0.4861995753715499,1.0,0.8598726114649681,73.4,10.0,10.0,62.75,614.7,627.5,46058.5,Klient_083,Produkt_035,Przygotuj ofertę ponownego zakupu
128,81,7,137.5,155.9,2025-05-01,244,1.7745454545454546,overdue,overdue,0.0,0.875,0.22545454545454535,31.9,10.4,13.0,109.93,1388.66,1429.09,45587.971,Klient_128,Produkt_081,Skontaktuj się z klientem pilnie
124,35,13,78.4,51.3,2025-09-11,111,1.415816326530612,overdue,overdue,0.34566326530612257,1.0,0.5841836734693879,60.2,10.5,12.0,62.62,745.03,751.44,45236.688,Klient_124,Produkt_035,Skontaktuj się z klientem pilnie
217,65,12,80.6,64.2,2025-07-26,158,1.9602977667493797,overdue,overdue,0.2034739454094292,1.0,0.03970223325062028,40.1,13.7,14.5,77.35,1111.88,1121.57,44974.957,Klient_217,Produkt_065,Skontaktuj się z klientem pilnie
100,64,16,62.4,35.4,2025-09-06,116,1.858974358974359,overdue,overdue,0.4326923076923077,1.0,0.14102564102564097,53.0,8.7,10.0,83.36,814.09,833.6,44180.8,Klient_100,Produkt_064,Skontaktuj się z klientem pilnie
160,83,8,116.7,33.7,2025-08-09,144,1.2339331619537275,overdue,overdue,0.7112253641816624,1.0,0.7660668380462725,81.2,10.6,10.5,51.15,535.36,537.07,43610.084,Klient_160,Produkt_083,Skontaktuj się z klientem pilnie
236,4,7,124.2,114.9,2025-06-27,187,1.5056360708534622,overdue,overdue,0.0748792270531401,0.875,0.4943639291465378,42.0,7.7,3.0,341.27,1050.0,1023.81,43000.02,Klient_236,Produkt_004,Skontaktuj się z klientem pilnie
127,130,3,305.0,55.2,2024-10-26,431,1.4131147540983606,overdue,overdue,0.8190163934426229,0.375,0.5868852459016394,62.8,3.7,3.0,227.53,674.55,682.59,42866.652,Klient_127,Produkt_130,Skontaktuj się z klientem pilnie
172,28,23,47.2,19.5,2025-11-04,57,1.2076271186440677,overdue,overdue,0.5868644067796611,1.0,0.7923728813559323,76.2,9.3,8.0,68.77,548.48,550.16,41922.192,Klient_172,Produkt_028,Skontaktuj się z klientem pilnie
69,113,10,87.0,42.5,2025-08-01,152,1.7471264367816093,overdue,overdue,0.5114942528735632,1.0,0.2528735632183907,59.3,10.7,10.0,69.64,695.74,696.4,41296.52,Klient_069,Produkt_113,Skontaktuj się z klientem pilnie
88,50,3,218.0,212.1,2024-11-20,406,1.8623853211009174,overdue,overdue,0.02706422018348631,0.375,0.13761467889908263,15.9,8.3,9.0,286.76,2615.94,2580.84,41035.356,Klient_088,Produkt_050,Skontaktuj się z klientem pilnie
71,83,6,176.4,153.3,2025-06-28,186,1.054421768707483,due_soon,due_soon,0.13095238095238093,0.75,0.945578231292517,52.0,13.3,15.0,52.46,781.28,786.9,40918.799999999996,Klient_071,Produkt_083,Przygotuj ofertę ponownego zakupu
99,78,10,101.7,81.4,2025-09-28,94,0.9242871189773845,due_soon,due_soon,0.19960668633235001,1.0,0.9242871189773845,62.1,8.0,5.5,118.94,655.58,654.17,40623.956999999995,Klient_099,Produkt_078,Przygotuj ofertę ponownego zakupu
248,77,9,111.5,44.9,2025-08-23,130,1.1659192825112108,due_soon,due_soon,0.5973094170403588,1.0,0.8340807174887892,77.7,9.3,9.0,57.03,497.61,513.27,39881.079,Klient_248,Produkt_077,Przygotuj ofertę ponownego zakupu
82,65,6,144.0,68.8,2025-04-28,247,1.7152777777777777,overdue,overdue,0.5222222222222223,0.75,0.2847222222222223,53.1,9.5,10.0,75.05,731.04,750.5,39851.55,Klient_082,Produkt_065,Skontaktuj się z klientem pilnie
74,2,6,148.6,113.6,2025-05-15,230,1.547779273216689,overdue,overdue,0.2355316285329745,0.75,0.45222072678331093,44.4,10.8,11.5,77.83,904.12,895.04,39739.776,Klient_074,Produkt_002,Skontaktuj się z klientem pilnie
224,45,4,191.3,74.4,2025-02-28,306,1.5995818086774698,overdue,overdue,0.6110820700470465,0.5,0.4004181913225302,52.5,9.5,10.5,71.36,731.64,749.28,39337.2,Klient_224,Produkt_045,Skontaktuj się z klientem pilnie
159,45,9,102.9,89.7,2025-09-26,96,0.9329446064139941,due_soon,due_soon,0.1282798833819242,1.0,0.9329446064139941,59.1,9.6,9.0,73.07,665.28,657.63,38865.933,Klient_159,Produkt_045,Przygotuj ofertę ponownego zakupu
105,90,7,148.7,127.5,2025-08-15,138,0.9280430396772025,due_soon,due_soon,0.14256893073301946,0.875,0.9280430396772025,55.9,8.1,7.0,94.29,616.14,660.03,36895.676999999996,Klient_105,Produkt_090,Przygotuj ofertę ponownego zakupu
284,114,18,60.6,34.6,2025-10-31,61,1.0066006600660067,due_soon,due_soon,0.429042904290429,1.0,0.9933993399339933,74.1,9.7,9.5,51.18,469.67,486.21,36028.16099999999,Klient_284,Produkt_114,Przygotuj ofertę ponownego zakupu
75,83,7,148.5,124.3,2025-08-01,152,1.0235690235690236,due_soon,due_soon,0.16296296296296298,0.875,0.9764309764309764,58.0,11.3,12.0,50.64,589.68,607.68,35245.439999999995,Klient_075,Produkt_083,Przygotuj ofertę ponownego zakupu
107,114,10,106.2,95.4,2025-08-25,128,1.2052730696798493,overdue,overdue,0.10169491525423724,1.0,0.7947269303201507,54.4,10.8,12.5,51.67,636.72,645.88,35135.871999999996,Klient_107,Produkt_114,Skontaktuj się z klientem pilnie
251,65,14,65.8,47.4,2025-09-14,108,1.6413373860182372,overdue,overdue,0.27963525835866265,1.0,0.3586626139817628,51.6,9.4,8.5,78.22,665.33,664.87,34307.292,Klient_251,Produkt_065,Skontaktuj się z klientem pilnie
264,136,6,148.2,117.9,2025-03-15,291,1.9635627530364375,overdue,overdue,0.20445344129554643,0.75,0.03643724696356254,32.6,11.8,12.5,83.11,1045.62,1038.88,33867.488000000005,Klient_264,Produkt_136,Skontaktuj się z klientem pilnie
99,35,10,88.2,71.8,2025-08-28,125,1.417233560090703,overdue,overdue,0.18594104308390025,1.0,0.5827664399092971,52.9,9.5,9.0,65.12,578.07,586.08,31003.632,Klient_099,Produkt_035,Skontaktuj się z klientem pilnie
106,141,12,81.6,58.8,2025-09-11,111,1.3602941176470589,overdue,overdue,0.27941176470588236,1.0,0.6397058823529411,58.6,11.1,11.0,47.72,503.22,524.92,30760.311999999998,Klient_106,Produkt_141,Skontaktuj się z klientem pilnie
239,107,9,115.2,81.6,2025-09-17,105,0.9114583333333333,due_soon,due_soon,0.29166666666666674,1.0,0.9114583333333333,65.9,7.1,5.0,92.06,464.6,460.3,30333.770000000004,Klient_239,Produkt_107,Przygotuj ofertę ponownego zakupu
44,141,10,105.6,53.9,2025-09-04,118,1.1174242424242424,due_soon,due_soon,0.48958333333333337,1.0,0.8825757575757576,74.1,9.1,8.5,48.03,407.44,408.26,30252.065999999995,Klient_044,Produkt_141,Przygotuj ofertę ponownego zakupu
296,122,8,131.1,159.8,2025-09-08,114,0.8695652173913044,due_soon,due_soon,0.0,1.0,0.8695652173913044,51.7,13.1,15.0,38.5,570.67,577.5,29856.75,Klient_296,Produkt_122,Przygotuj ofertę ponownego zakupu
36,93,6,165.2,106.3,2025-06-29,185,1.1198547215496368,due_soon,due_soon,0.3565375302663438,0.75,0.8801452784503632,60.5,10.2,11.5,40.95,466.74,470.92,28490.66,Klient_036,Produkt_093,Przygotuj ofertę ponownego zakupu
286,2,15,70.3,69.7,2025-10-07,85,1.209103840682788,overdue,overdue,0.008534850640113723,1.0,0.7908961593172119,50.2,7.7,7.0,79.86,521.78,559.02,28062.804,Klient_286,Produkt_002,Skontaktuj się z klientem pilnie
105,147,6,149.6,114.5,2025-03-24,282,1.8850267379679144,overdue,overdue,0.23462566844919786,0.75,0.11497326203208558,35.9,8.3,7.0,106.17,789.54,743.19,26680.521,Klient_105,Produkt_147,Skontaktuj się z klientem pilnie
297,14,4,265.7,341.4,2025-03-20,286,1.0764019570944674,due_soon,due_soon,0.0,0.5,0.9235980429055326,38.1,8.5,6.0,116.2,710.4,697.2,26563.320000000003,Klient_297,Produkt_014,Przygotuj ofertę ponownego zakupu
37,136,11,90.0,121.6,2025-08-22,131,1.4555555555555555,overdue,overdue,0.0,1.0,0.5444444444444445,43.6,7.3,7.0,84.69,591.01,592.83,25847.388000000003,Klient_037,Produkt_136,Skontaktuj się z klientem pilnie
176,122,28,36.2,17.9,2025-11-19,42,1.160220994475138,due_soon,due_soon,0.5055248618784531,1.0,0.839779005524862,73.7,9.6,9.0,38.02,347.68,342.18,25218.666,Klient_176,Produkt_122,Przygotuj ofertę ponownego zakupu
134,114,9,110.0,95.2,2025-06-27,187,1.7,overdue,overdue,0.13454545454545452,1.0,0.30000000000000004,43.6,9.6,11.0,51.85,557.37,570.35,24867.260000000002,Klient_134,Produkt_114,Skontaktuj się z klientem pilnie
74,10,3,265.5,16.3,2024-10-15,442,1.664783427495292,overdue,overdue,0.9386064030131827,0.375,0.33521657250470804,61.9,6.7,2.0,187.5,386.42,375.0,23212.5,Klient_074,Produkt_010,Skontaktuj się z klientem pilnie
22,63,11,95.9,71.3,2025-10-01,91,0.948905109489051,due_soon,due_soon,0.25651720542231493,1.0,0.948905109489051,65.3,13.8,15.0,23.39,360.3,350.85,22910.505,Klient_022,Produkt_063,Przygotuj ofertę ponownego zakupu
269,33,7,113.8,91.6,2025-06-29,185,1.6256590509666082,overdue,overdue,0.195079086115993,0.875,0.37434094903339177,44.4,8.0,4.0,119.64,500.44,478.56,21248.064,Klient_269,Produkt_033,Skontaktuj się z klientem pilnie
28,143,3,253.5,103.9,2025-03-12,294,1.1597633136094674,due_soon,due_soon,0.590138067061144,0.375,0.8402366863905326,58.8,13.0,14.0,24.79,351.12,347.06,20407.128,Klient_028,Produkt_143,Przygotuj ofertę ponownego zakupu
38,111,15,69.4,46.6,2025-09-16,106,1.5273775216138328,overdue,overdue,0.3285302593659942,1.0,0.4726224783861672,56.6,11.2,12.0,29.39,372.84,352.68,19961.688000000002,Klient_038,Produkt_111,Skontaktuj się z klientem pilnie
2,93,21,49.6,22.6,2025-09-23,99,1.9959677419354838,overdue,overdue,0.5443548387096774,1.0,0.0040322580645162365,54.6,9.0,9.0,40.24,348.39,362.16,19773.936,Klient_002,Produkt_093,Skontaktuj się z klientem pilnie
152,83,6,126.2,161.1,2025-05-08,237,1.87797147385103,overdue,overdue,0.0,0.75,0.12202852614896997,25.6,14.2,13.5,51.21,692.16,691.34,17698.304,Klient_152,Produkt_083,Skontaktuj się z klientem pilnie
250,114,4,199.0,171.9,2025-03-22,284,1.4271356783919598,overdue,overdue,0.136180904522613,0.5,0.5728643216080402,35.4,10.0,10.0,49.51,507.75,495.1,17526.54,Klient_250,Produkt_114,Skontaktuj się z klientem pilnie
17,122,8,118.6,109.6,2025-05-18,227,1.9139966273187186,overdue,overdue,0.07588532883642496,1.0,0.08600337268128144,35.6,13.6,13.0,37.51,482.5,487.63,17359.628,Klient_017,Produkt_122,Skontaktuj się z klientem pilnie
56,111,14,72.7,36.2,2025-09-21,101,1.389270976616231,overdue,overdue,0.5020632737276478,1.0,0.610729023383769,67.9,9.1,8.5,29.18,256.59,248.03,16841.237,Klient_056,Produkt_111,Skontaktuj się z klientem pilnie
42,122,6,155.4,64.4,2025-04-26,249,1.6023166023166022,overdue,overdue,0.5855855855855856,0.75,0.3976833976833978,58.8,8.5,7.5,37.19,278.82,278.92,16400.496,Klient_042,Produkt_122,Skontaktuj się z klientem pilnie
122,1,3,342.5,375.5,2024-12-08,388,1.1328467153284671,due_soon,due_soon,0.0,0.375,0.8671532846715329,32.9,17.3,18.0,27.38,455.94,492.84,16214.435999999998,Klient_122,Produkt_001,Przygotuj ofertę ponownego zakupu
134,122,15,68.2,54.6,2025-09-10,112,1.6422287390029324,overdue,overdue,0.19941348973607043,1.0,0.3577712609970676,47.9,9.1,9.0,37.52,327.87,337.68,16174.872,Klient_134,Produkt_122,Skontaktuj się z klientem pilnie
236,1,6,161.8,69.4,2025-04-12,263,1.6254635352286773,overdue,overdue,0.5710754017305315,0.75,0.37453646477132274,57.6,9.5,9.5,27.15,249.55,257.92,14856.192000000001,Klient_236,Produkt_001,Skontaktuj się z klientem pilnie
205,91,3,212.0,200.8,2024-11-12,414,1.9528301886792452,overdue,overdue,0.05283018867924527,0.375,0.04716981132075482,14.8,7.7,2.0,485.03,976.6,970.06,14356.887999999999,Klient_205,Produkt_091,Skontaktuj się z klientem pilnie
115,122,7,122.8,53.2,2025-09-17,105,0.8550488599348535,due_soon,due_soon,0.5667752442996743,0.875,0.8550488599348535,73.1,7.7,5.0,37.86,194.7,189.3,13837.83,Klient_115,Produkt_122,Przygotuj ofertę ponownego zakupu
71,143,6,143.2,90.9,2025-06-28,186,1.298882681564246,overdue,overdue,0.36522346368715075,0.75,0.701117318435754,56.5,9.2,10.0,24.08,230.28,240.8,13605.2,Klient_071,Produkt_143,Skontaktuj się z klientem pilnie
184,111,12,84.5,46.5,2025-09-07,115,1.3609467455621302,overdue,overdue,0.4497041420118343,1.0,0.6390532544378698,66.2,9.0,7.0,29.24,197.23,204.68,13549.816,Klient_184,Produkt_111,Skontaktuj się z klientem pilnie
137,94,4,241.3,95.6,2025-03-12,294,1.2184003315375052,overdue,overdue,0.6038126813095732,0.5,0.7815996684624948,61.7,3.2,2.5,85.37,218.5,213.42,13168.014,Klient_137,Produkt_094,Skontaktuj się z klientem pilnie
52,114,6,141.2,113.7,2025-04-03,272,1.926345609065156,overdue,overdue,0.19475920679886682,0.75,0.07365439093484394,33.1,5.5,6.0,50.61,298.74,303.66,10051.146,Klient_052,Produkt_114,Skontaktuj się z klientem pilnie
88,77,5,183.8,244.0,2025-03-11,295,1.605005440696409,overdue,overdue,0.0,0.625,0.39499455930359106,28.6,6.2,4.0,58.07,230.72,232.28,6643.2080000000005,Klient_088,Produkt_077,Skontaktuj się z klientem pilnie
198,89,4,191.0,160.6,2025-02-17,317,1.6596858638743455,overdue,overdue,0.15916230366492146,0.5,0.34031413612565453,30.7,3.5,2.5,81.74,205.83,204.35,6273.545,Klient_198,Produkt_089,Skontaktuj się z klientem pilnie
71,111,6,168.6,158.7,2025-05-20,225,1.3345195729537367,overdue,overdue,0.0587188612099645,0.75,0.6654804270462633,41.8,5.8,4.0,30.26,124.13,121.04,5059.472,Klient_071,Produkt_111,Skontaktuj się z klientem pilnie
